year,District,month,Outbreak status,date
2017,Ampara,January,0,2017-01-01
2017,Ampara,February,0,2017-02-01
2017,Ampara,March,0,2017-03-01
2017,Ampara,April,0,2017-04-01
2017,Ampara,May,0,2017-05-01
2017,Ampara,June,0,2017-06-01
2017,Ampara,July,0,2017-07-01
2017,Ampara,August,0,2017-08-01
2017,Ampara,September,1,2017-09-01
2017,Ampara,October,0,2017-10-01
2017,Ampara,November,0,2017-11-01
2017,Ampara,December,1,2017-12-01
2017,Anuradhapura,January,1,2017-01-01
2017,Anuradhapura,February,0,2017-02-01
2017,Anuradhapura,March,0,2017-03-01
2017,Anuradhapura,April,1,2017-04-01
2017,Anuradhapura,May,1,2017-05-01
2017,Anuradhapura,June,0,2017-06-01
2017,Anuradhapura,July,0,2017-07-01
2017,Anuradhapura,August,0,2017-08-01
2017,Anuradhapura,September,0,2017-09-01
2017,Anuradhapura,October,0,2017-10-01
2017,Anuradhapura,November,0,2017-11-01
2017,Anuradhapura,December,0,2017-12-01
2017,Badulla,January,0,2017-01-01
2017,Badulla,February,0,2017-02-01
2017,Badulla,March,0,2017-03-01
2017,Badulla,April,0,2017-04-01
2017,Badulla,May,0,2017-05-01
2017,Badulla,June,0,2017-06-01
2017,Badulla,July,0,2017-07-01
2017,Badulla,August,0,2017-08-01
2017,Badulla,September,1,2017-09-01
2017,Badulla,October,0,2017-10-01
2017,Badulla,November,1,2017-11-01
2017,Badulla,December,1,2017-12-01
2017,Batticaloa,January,1,2017-01-01
2017,Batticaloa,February,1,2017-02-01
2017,Batticaloa,March,0,2017-03-01
2017,Batticaloa,April,0,2017-04-01
2017,Batticaloa,May,0,2017-05-01
2017,Batticaloa,June,0,2017-06-01
2017,Batticaloa,July,0,2017-07-01
2017,Batticaloa,August,0,2017-08-01
2017,Batticaloa,September,0,2017-09-01
2017,Batticaloa,October,1,2017-10-01
2017,Batticaloa,November,0,2017-11-01
2017,Batticaloa,December,0,2017-12-01
2017,Colombo,January,1,2017-01-01
2017,Colombo,February,0,2017-02-01
2017,Colombo,March,0,2017-03-01
2017,Colombo,April,0,2017-04-01
2017,Colombo,May,0,2017-05-01
2017,Colombo,June,0,2017-06-01
2017,Colombo,July,0,2017-07-01
2017,Colombo,August,0,2017-08-01
2017,Colombo,September,0,2017-09-01
2017,Colombo,October,0,2017-10-01
2017,Colombo,November,0,2017-11-01
2017,Colombo,December,0,2017-12-01
2017,Galle,January,0,2017-01-01
2017,Galle,February,0,2017-02-01
2017,Galle,March,0,2017-03-01
2017,Galle,April,0,2017-04-01
2017,Galle,May,0,2017-05-01
2017,Galle,June,0,2017-06-01
2017,Galle,July,0,2017-07-01
2017,Galle,August,0,2017-08-01
2017,Galle,September,0,2017-09-01
2017,Galle,October,0,2017-10-01
2017,Galle,November,0,2017-11-01
2017,Galle,December,0,2017-12-01
2017,Gampaha,January,1,2017-01-01
2017,Gampaha,February,0,2017-02-01
2017,Gampaha,March,0,2017-03-01
2017,Gampaha,April,0,2017-04-01
2017,Gampaha,May,0,2017-05-01
2017,Gampaha,June,0,2017-06-01
2017,Gampaha,July,0,2017-07-01
2017,Gampaha,August,0,2017-08-01
2017,Gampaha,September,0,2017-09-01
2017,Gampaha,October,0,2017-10-01
2017,Gampaha,November,0,2017-11-01
2017,Gampaha,December,0,2017-12-01
2017,Hambantota,January,1,2017-01-01
2017,Hambantota,February,1,2017-02-01
2017,Hambantota,March,0,2017-03-01
2017,Hambantota,April,1,2017-04-01
2017,Hambantota,May,0,2017-05-01
2017,Hambantota,June,0,2017-06-01
2017,Hambantota,July,0,2017-07-01
2017,Hambantota,August,0,2017-08-01
2017,Hambantota,September,0,2017-09-01
2017,Hambantota,October,0,2017-10-01
2017,Hambantota,November,0,2017-11-01
2017,Hambantota,December,0,2017-12-01
2017,Jaffna,January,0,2017-01-01
2017,Jaffna,February,0,2017-02-01
2017,Jaffna,March,0,2017-03-01
2017,Jaffna,April,0,2017-04-01
2017,Jaffna,May,0,2017-05-01
2017,Jaffna,June,0,2017-06-01
2017,Jaffna,July,0,2017-07-01
2017,Jaffna,August,0,2017-08-01
2017,Jaffna,September,0,2017-09-01
2017,Jaffna,October,0,2017-10-01
2017,Jaffna,November,1,2017-11-01
2017,Jaffna,December,0,2017-12-01
2017,Kalutara,January,0,2017-01-01
2017,Kalutara,February,0,2017-02-01
2017,Kalutara,March,0,2017-03-01
2017,Kalutara,April,0,2017-04-01
2017,Kalutara,May,0,2017-05-01
2017,Kalutara,June,0,2017-06-01
2017,Kalutara,July,0,2017-07-01
2017,Kalutara,August,0,2017-08-01
2017,Kalutara,September,0,2017-09-01
2017,Kalutara,October,0,2017-10-01
2017,Kalutara,November,0,2017-11-01
2017,Kalutara,December,0,2017-12-01
2017,Kandy,January,0,2017-01-01
2017,Kandy,February,0,2017-02-01
2017,Kandy,March,1,2017-03-01
2017,Kandy,April,0,2017-04-01
2017,Kandy,May,0,2017-05-01
2017,Kandy,June,0,2017-06-01
2017,Kandy,July,0,2017-07-01
2017,Kandy,August,0,2017-08-01
2017,Kandy,September,0,2017-09-01
2017,Kandy,October,0,2017-10-01
2017,Kandy,November,0,2017-11-01
2017,Kandy,December,0,2017-12-01
2017,Kegalle,January,1,2017-01-01
2017,Kegalle,February,0,2017-02-01
2017,Kegalle,March,0,2017-03-01
2017,Kegalle,April,0,2017-04-01
2017,Kegalle,May,0,2017-05-01
2017,Kegalle,June,0,2017-06-01
2017,Kegalle,July,0,2017-07-01
2017,Kegalle,August,0,2017-08-01
2017,Kegalle,September,0,2017-09-01
2017,Kegalle,October,0,2017-10-01
2017,Kegalle,November,0,2017-11-01
2017,Kegalle,December,0,2017-12-01
2017,Kilinochchi,January,0,2017-01-01
2017,Kilinochchi,February,0,2017-02-01
2017,Kilinochchi,March,0,2017-03-01
2017,Kilinochchi,April,0,2017-04-01
2017,Kilinochchi,May,0,2017-05-01
2017,Kilinochchi,June,0,2017-06-01
2017,Kilinochchi,July,0,2017-07-01
2017,Kilinochchi,August,0,2017-08-01
2017,Kilinochchi,September,0,2017-09-01
2017,Kilinochchi,October,0,2017-10-01
2017,Kilinochchi,November,0,2017-11-01
2017,Kilinochchi,December,0,2017-12-01
2017,Kurunegala,January,1,2017-01-01
2017,Kurunegala,February,0,2017-02-01
2017,Kurunegala,March,0,2017-03-01
2017,Kurunegala,April,0,2017-04-01
2017,Kurunegala,May,0,2017-05-01
2017,Kurunegala,June,0,2017-06-01
2017,Kurunegala,July,0,2017-07-01
2017,Kurunegala,August,0,2017-08-01
2017,Kurunegala,September,0,2017-09-01
2017,Kurunegala,October,0,2017-10-01
2017,Kurunegala,November,0,2017-11-01
2017,Kurunegala,December,0,2017-12-01
2017,Mannar,January,0,2017-01-01
2017,Mannar,February,0,2017-02-01
2017,Mannar,March,0,2017-03-01
2017,Mannar,April,0,2017-04-01
2017,Mannar,May,0,2017-05-01
2017,Mannar,June,0,2017-06-01
2017,Mannar,July,0,2017-07-01
2017,Mannar,August,0,2017-08-01
2017,Mannar,September,0,2017-09-01
2017,Mannar,October,0,2017-10-01
2017,Mannar,November,0,2017-11-01
2017,Mannar,December,0,2017-12-01
2017,Matale,January,0,2017-01-01
2017,Matale,February,0,2017-02-01
2017,Matale,March,0,2017-03-01
2017,Matale,April,0,2017-04-01
2017,Matale,May,0,2017-05-01
2017,Matale,June,0,2017-06-01
2017,Matale,July,0,2017-07-01
2017,Matale,August,0,2017-08-01
2017,Matale,September,0,2017-09-01
2017,Matale,October,0,2017-10-01
2017,Matale,November,0,2017-11-01
2017,Matale,December,0,2017-12-01
2017,Matara,January,0,2017-01-01
2017,Matara,February,0,2017-02-01
2017,Matara,March,0,2017-03-01
2017,Matara,April,0,2017-04-01
2017,Matara,May,0,2017-05-01
2017,Matara,June,0,2017-06-01
2017,Matara,July,0,2017-07-01
2017,Matara,August,0,2017-08-01
2017,Matara,September,0,2017-09-01
2017,Matara,October,0,2017-10-01
2017,Matara,November,0,2017-11-01
2017,Matara,December,0,2017-12-01
2017,Moneragala,January,1,2017-01-01
2017,Moneragala,February,0,2017-02-01
2017,Moneragala,March,0,2017-03-01
2017,Moneragala,April,0,2017-04-01
2017,Moneragala,May,0,2017-05-01
2017,Moneragala,June,0,2017-06-01
2017,Moneragala,July,0,2017-07-01
2017,Moneragala,August,0,2017-08-01
2017,Moneragala,September,0,2017-09-01
2017,Moneragala,October,0,2017-10-01
2017,Moneragala,November,0,2017-11-01
2017,Moneragala,December,0,2017-12-01
2017,Mullaitivu,January,0,2017-01-01
2017,Mullaitivu,February,0,2017-02-01
2017,Mullaitivu,March,0,2017-03-01
2017,Mullaitivu,April,1,2017-04-01
2017,Mullaitivu,May,0,2017-05-01
2017,Mullaitivu,June,0,2017-06-01
2017,Mullaitivu,July,0,2017-07-01
2017,Mullaitivu,August,0,2017-08-01
2017,Mullaitivu,September,1,2017-09-01
2017,Mullaitivu,October,0,2017-10-01
2017,Mullaitivu,November,0,2017-11-01
2017,Mullaitivu,December,0,2017-12-01
2017,Nuwara Eliya,January,0,2017-01-01
2017,Nuwara Eliya,February,0,2017-02-01
2017,Nuwara Eliya,March,0,2017-03-01
2017,Nuwara Eliya,April,0,2017-04-01
2017,Nuwara Eliya,May,0,2017-05-01
2017,Nuwara Eliya,June,0,2017-06-01
2017,Nuwara Eliya,July,0,2017-07-01
2017,Nuwara Eliya,August,0,2017-08-01
2017,Nuwara Eliya,September,0,2017-09-01
2017,Nuwara Eliya,October,0,2017-10-01
2017,Nuwara Eliya,November,0,2017-11-01
2017,Nuwara Eliya,December,0,2017-12-01
2017,Polonnaruwa,January,0,2017-01-01
2017,Polonnaruwa,February,1,2017-02-01
2017,Polonnaruwa,March,0,2017-03-01
2017,Polonnaruwa,April,0,2017-04-01
2017,Polonnaruwa,May,0,2017-05-01
2017,Polonnaruwa,June,0,2017-06-01
2017,Polonnaruwa,July,0,2017-07-01
2017,Polonnaruwa,August,0,2017-08-01
2017,Polonnaruwa,September,0,2017-09-01
2017,Polonnaruwa,October,0,2017-10-01
2017,Polonnaruwa,November,0,2017-11-01
2017,Polonnaruwa,December,0,2017-12-01
2017,Puttalam,January,0,2017-01-01
2017,Puttalam,February,0,2017-02-01
2017,Puttalam,March,0,2017-03-01
2017,Puttalam,April,0,2017-04-01
2017,Puttalam,May,0,2017-05-01
2017,Puttalam,June,0,2017-06-01
2017,Puttalam,July,0,2017-07-01
2017,Puttalam,August,0,2017-08-01
2017,Puttalam,September,0,2017-09-01
2017,Puttalam,October,0,2017-10-01
2017,Puttalam,November,0,2017-11-01
2017,Puttalam,December,0,2017-12-01
2017,Ratnapura,January,0,2017-01-01
2017,Ratnapura,February,0,2017-02-01
2017,Ratnapura,March,0,2017-03-01
2017,Ratnapura,April,0,2017-04-01
2017,Ratnapura,May,0,2017-05-01
2017,Ratnapura,June,0,2017-06-01
2017,Ratnapura,July,0,2017-07-01
2017,Ratnapura,August,0,2017-08-01
2017,Ratnapura,September,0,2017-09-01
2017,Ratnapura,October,0,2017-10-01
2017,Ratnapura,November,0,2017-11-01
2017,Ratnapura,December,0,2017-12-01
2017,Trincomalee,January,0,2017-01-01
2017,Trincomalee,February,0,2017-02-01
2017,Trincomalee,March,0,2017-03-01
2017,Trincomalee,April,0,2017-04-01
2017,Trincomalee,May,0,2017-05-01
2017,Trincomalee,June,0,2017-06-01
2017,Trincomalee,July,0,2017-07-01
2017,Trincomalee,August,0,2017-08-01
2017,Trincomalee,September,0,2017-09-01
2017,Trincomalee,October,0,2017-10-01
2017,Trincomalee,November,0,2017-11-01
2017,Trincomalee,December,0,2017-12-01
2017,Vavuniya,January,0,2017-01-01
2017,Vavuniya,February,0,2017-02-01
2017,Vavuniya,March,0,2017-03-01
2017,Vavuniya,April,0,2017-04-01
2017,Vavuniya,May,0,2017-05-01
2017,Vavuniya,June,0,2017-06-01
2017,Vavuniya,July,0,2017-07-01
2017,Vavuniya,August,0,2017-08-01
2017,Vavuniya,September,0,2017-09-01
2017,Vavuniya,October,0,2017-10-01
2017,Vavuniya,November,0,2017-11-01
2017,Vavuniya,December,0,2017-12-01
2018,Ampara,January,1,2018-01-01
2018,Ampara,February,1,2018-02-01
2018,Ampara,March,0,2018-03-01
2018,Ampara,April,1,2018-04-01
2018,Ampara,May,1,2018-05-01
2018,Ampara,June,1,2018-06-01
2018,Ampara,July,0,2018-07-01
2018,Ampara,August,0,2018-08-01
2018,Ampara,September,0,2018-09-01
2018,Ampara,October,0,2018-10-01
2018,Ampara,November,0,2018-11-01
2018,Ampara,December,0,2018-12-01
2018,Anuradhapura,January,0,2018-01-01
2018,Anuradhapura,February,1,2018-02-01
2018,Anuradhapura,March,1,2018-03-01
2018,Anuradhapura,April,0,2018-04-01
2018,Anuradhapura,May,0,2018-05-01
2018,Anuradhapura,June,0,2018-06-01
2018,Anuradhapura,July,0,2018-07-01
2018,Anuradhapura,August,0,2018-08-01
2018,Anuradhapura,September,0,2018-09-01
2018,Anuradhapura,October,1,2018-10-01
2018,Anuradhapura,November,1,2018-11-01
2018,Anuradhapura,December,1,2018-12-01
2018,Badulla,January,1,2018-01-01
2018,Badulla,February,1,2018-02-01
2018,Badulla,March,0,2018-03-01
2018,Badulla,April,0,2018-04-01
2018,Badulla,May,0,2018-05-01
2018,Badulla,June,0,2018-06-01
2018,Badulla,July,0,2018-07-01
2018,Badulla,August,0,2018-08-01
2018,Badulla,September,0,2018-09-01
2018,Badulla,October,0,2018-10-01
2018,Badulla,November,0,2018-11-01
2018,Badulla,December,0,2018-12-01
2018,Batticaloa,January,1,2018-01-01
2018,Batticaloa,February,0,2018-02-01
2018,Batticaloa,March,0,2018-03-01
2018,Batticaloa,April,1,2018-04-01
2018,Batticaloa,May,0,2018-05-01
2018,Batticaloa,June,0,2018-06-01
2018,Batticaloa,July,0,2018-07-01
2018,Batticaloa,August,0,2018-08-01
2018,Batticaloa,September,0,2018-09-01
2018,Batticaloa,October,0,2018-10-01
2018,Batticaloa,November,0,2018-11-01
2018,Batticaloa,December,1,2018-12-01
2018,Colombo,January,0,2018-01-01
2018,Colombo,February,0,2018-02-01
2018,Colombo,March,0,2018-03-01
2018,Colombo,April,0,2018-04-01
2018,Colombo,May,0,2018-05-01
2018,Colombo,June,0,2018-06-01
2018,Colombo,July,0,2018-07-01
2018,Colombo,August,0,2018-08-01
2018,Colombo,September,0,2018-09-01
2018,Colombo,October,0,2018-10-01
2018,Colombo,November,0,2018-11-01
2018,Colombo,December,0,2018-12-01
2018,Galle,January,0,2018-01-01
2018,Galle,February,0,2018-02-01
2018,Galle,March,0,2018-03-01
2018,Galle,April,0,2018-04-01
2018,Galle,May,0,2018-05-01
2018,Galle,June,0,2018-06-01
2018,Galle,July,0,2018-07-01
2018,Galle,August,0,2018-08-01
2018,Galle,September,0,2018-09-01
2018,Galle,October,0,2018-10-01
2018,Galle,November,0,2018-11-01
2018,Galle,December,0,2018-12-01
2018,Gampaha,January,0,2018-01-01
2018,Gampaha,February,0,2018-02-01
2018,Gampaha,March,0,2018-03-01
2018,Gampaha,April,0,2018-04-01
2018,Gampaha,May,0,2018-05-01
2018,Gampaha,June,0,2018-06-01
2018,Gampaha,July,0,2018-07-01
2018,Gampaha,August,0,2018-08-01
2018,Gampaha,September,0,2018-09-01
2018,Gampaha,October,0,2018-10-01
2018,Gampaha,November,0,2018-11-01
2018,Gampaha,December,0,2018-12-01
2018,Hambantota,January,0,2018-01-01
2018,Hambantota,February,0,2018-02-01
2018,Hambantota,March,0,2018-03-01
2018,Hambantota,April,0,2018-04-01
2018,Hambantota,May,0,2018-05-01
2018,Hambantota,June,1,2018-06-01
2018,Hambantota,July,0,2018-07-01
2018,Hambantota,August,0,2018-08-01
2018,Hambantota,September,0,2018-09-01
2018,Hambantota,October,0,2018-10-01
2018,Hambantota,November,0,2018-11-01
2018,Hambantota,December,0,2018-12-01
2018,Jaffna,January,1,2018-01-01
2018,Jaffna,February,1,2018-02-01
2018,Jaffna,March,0,2018-03-01
2018,Jaffna,April,0,2018-04-01
2018,Jaffna,May,0,2018-05-01
2018,Jaffna,June,0,2018-06-01
2018,Jaffna,July,0,2018-07-01
2018,Jaffna,August,0,2018-08-01
2018,Jaffna,September,0,2018-09-01
2018,Jaffna,October,0,2018-10-01
2018,Jaffna,November,0,2018-11-01
2018,Jaffna,December,0,2018-12-01
2018,Kalutara,January,0,2018-01-01
2018,Kalutara,February,0,2018-02-01
2018,Kalutara,March,0,2018-03-01
2018,Kalutara,April,0,2018-04-01
2018,Kalutara,May,0,2018-05-01
2018,Kalutara,June,0,2018-06-01
2018,Kalutara,July,0,2018-07-01
2018,Kalutara,August,0,2018-08-01
2018,Kalutara,September,0,2018-09-01
2018,Kalutara,October,0,2018-10-01
2018,Kalutara,November,0,2018-11-01
2018,Kalutara,December,0,2018-12-01
2018,Kandy,January,0,2018-01-01
2018,Kandy,February,1,2018-02-01
2018,Kandy,March,1,2018-03-01
2018,Kandy,April,0,2018-04-01
2018,Kandy,May,0,2018-05-01
2018,Kandy,June,0,2018-06-01
2018,Kandy,July,0,2018-07-01
2018,Kandy,August,1,2018-08-01
2018,Kandy,September,1,2018-09-01
2018,Kandy,October,1,2018-10-01
2018,Kandy,November,0,2018-11-01
2018,Kandy,December,0,2018-12-01
2018,Kegalle,January,0,2018-01-01
2018,Kegalle,February,0,2018-02-01
2018,Kegalle,March,0,2018-03-01
2018,Kegalle,April,0,2018-04-01
2018,Kegalle,May,0,2018-05-01
2018,Kegalle,June,0,2018-06-01
2018,Kegalle,July,0,2018-07-01
2018,Kegalle,August,0,2018-08-01
2018,Kegalle,September,1,2018-09-01
2018,Kegalle,October,0,2018-10-01
2018,Kegalle,November,0,2018-11-01
2018,Kegalle,December,0,2018-12-01
2018,Kilinochchi,January,0,2018-01-01
2018,Kilinochchi,February,0,2018-02-01
2018,Kilinochchi,March,0,2018-03-01
2018,Kilinochchi,April,0,2018-04-01
2018,Kilinochchi,May,0,2018-05-01
2018,Kilinochchi,June,0,2018-06-01
2018,Kilinochchi,July,0,2018-07-01
2018,Kilinochchi,August,0,2018-08-01
2018,Kilinochchi,September,0,2018-09-01
2018,Kilinochchi,October,0,2018-10-01
2018,Kilinochchi,November,0,2018-11-01
2018,Kilinochchi,December,0,2018-12-01
2018,Kurunegala,January,1,2018-01-01
2018,Kurunegala,February,0,2018-02-01
2018,Kurunegala,March,0,2018-03-01
2018,Kurunegala,April,1,2018-04-01
2018,Kurunegala,May,0,2018-05-01
2018,Kurunegala,June,1,2018-06-01
2018,Kurunegala,July,1,2018-07-01
2018,Kurunegala,August,1,2018-08-01
2018,Kurunegala,September,0,2018-09-01
2018,Kurunegala,October,0,2018-10-01
2018,Kurunegala,November,1,2018-11-01
2018,Kurunegala,December,0,2018-12-01
2018,Mannar,January,0,2018-01-01
2018,Mannar,February,0,2018-02-01
2018,Mannar,March,0,2018-03-01
2018,Mannar,April,0,2018-04-01
2018,Mannar,May,0,2018-05-01
2018,Mannar,June,0,2018-06-01
2018,Mannar,July,0,2018-07-01
2018,Mannar,August,0,2018-08-01
2018,Mannar,September,0,2018-09-01
2018,Mannar,October,0,2018-10-01
2018,Mannar,November,0,2018-11-01
2018,Mannar,December,0,2018-12-01
2018,Matale,January,1,2018-01-01
2018,Matale,February,0,2018-02-01
2018,Matale,March,1,2018-03-01
2018,Matale,April,0,2018-04-01
2018,Matale,May,0,2018-05-01
2018,Matale,June,0,2018-06-01
2018,Matale,July,0,2018-07-01
2018,Matale,August,0,2018-08-01
2018,Matale,September,0,2018-09-01
2018,Matale,October,0,2018-10-01
2018,Matale,November,0,2018-11-01
2018,Matale,December,1,2018-12-01
2018,Matara,January,0,2018-01-01
2018,Matara,February,0,2018-02-01
2018,Matara,March,0,2018-03-01
2018,Matara,April,0,2018-04-01
2018,Matara,May,0,2018-05-01
2018,Matara,June,0,2018-06-01
2018,Matara,July,0,2018-07-01
2018,Matara,August,0,2018-08-01
2018,Matara,September,0,2018-09-01
2018,Matara,October,0,2018-10-01
2018,Matara,November,0,2018-11-01
2018,Matara,December,0,2018-12-01
2018,Moneragala,January,0,2018-01-01
2018,Moneragala,February,1,2018-02-01
2018,Moneragala,March,0,2018-03-01
2018,Moneragala,April,1,2018-04-01
2018,Moneragala,May,1,2018-05-01
2018,Moneragala,June,0,2018-06-01
2018,Moneragala,July,0,2018-07-01
2018,Moneragala,August,0,2018-08-01
2018,Moneragala,September,0,2018-09-01
2018,Moneragala,October,0,2018-10-01
2018,Moneragala,November,0,2018-11-01
2018,Moneragala,December,0,2018-12-01
2018,Mullaitivu,January,0,2018-01-01
2018,Mullaitivu,February,0,2018-02-01
2018,Mullaitivu,March,0,2018-03-01
2018,Mullaitivu,April,0,2018-04-01
2018,Mullaitivu,May,0,2018-05-01
2018,Mullaitivu,June,0,2018-06-01
2018,Mullaitivu,July,0,2018-07-01
2018,Mullaitivu,August,0,2018-08-01
2018,Mullaitivu,September,0,2018-09-01
2018,Mullaitivu,October,0,2018-10-01
2018,Mullaitivu,November,0,2018-11-01
2018,Mullaitivu,December,0,2018-12-01
2018,Nuwara Eliya,January,0,2018-01-01
2018,Nuwara Eliya,February,0,2018-02-01
2018,Nuwara Eliya,March,0,2018-03-01
2018,Nuwara Eliya,April,0,2018-04-01
2018,Nuwara Eliya,May,0,2018-05-01
2018,Nuwara Eliya,June,0,2018-06-01
2018,Nuwara Eliya,July,0,2018-07-01
2018,Nuwara Eliya,August,0,2018-08-01
2018,Nuwara Eliya,September,1,2018-09-01
2018,Nuwara Eliya,October,0,2018-10-01
2018,Nuwara Eliya,November,0,2018-11-01
2018,Nuwara Eliya,December,0,2018-12-01
2018,Polonnaruwa,January,1,2018-01-01
2018,Polonnaruwa,February,0,2018-02-01
2018,Polonnaruwa,March,1,2018-03-01
2018,Polonnaruwa,April,1,2018-04-01
2018,Polonnaruwa,May,0,2018-05-01
2018,Polonnaruwa,June,0,2018-06-01
2018,Polonnaruwa,July,0,2018-07-01
2018,Polonnaruwa,August,0,2018-08-01
2018,Polonnaruwa,September,0,2018-09-01
2018,Polonnaruwa,October,1,2018-10-01
2018,Polonnaruwa,November,0,2018-11-01
2018,Polonnaruwa,December,1,2018-12-01
2018,Puttalam,January,0,2018-01-01
2018,Puttalam,February,0,2018-02-01
2018,Puttalam,March,0,2018-03-01
2018,Puttalam,April,0,2018-04-01
2018,Puttalam,May,1,2018-05-01
2018,Puttalam,June,0,2018-06-01
2018,Puttalam,July,0,2018-07-01
2018,Puttalam,August,0,2018-08-01
2018,Puttalam,September,0,2018-09-01
2018,Puttalam,October,0,2018-10-01
2018,Puttalam,November,0,2018-11-01
2018,Puttalam,December,0,2018-12-01
2018,Ratnapura,January,0,2018-01-01
2018,Ratnapura,February,0,2018-02-01
2018,Ratnapura,March,0,2018-03-01
2018,Ratnapura,April,0,2018-04-01
2018,Ratnapura,May,0,2018-05-01
2018,Ratnapura,June,0,2018-06-01
2018,Ratnapura,July,0,2018-07-01
2018,Ratnapura,August,0,2018-08-01
2018,Ratnapura,September,0,2018-09-01
2018,Ratnapura,October,0,2018-10-01
2018,Ratnapura,November,0,2018-11-01
2018,Ratnapura,December,0,2018-12-01
2018,Trincomalee,January,0,2018-01-01
2018,Trincomalee,February,0,2018-02-01
2018,Trincomalee,March,0,2018-03-01
2018,Trincomalee,April,0,2018-04-01
2018,Trincomalee,May,0,2018-05-01
2018,Trincomalee,June,0,2018-06-01
2018,Trincomalee,July,0,2018-07-01
2018,Trincomalee,August,0,2018-08-01
2018,Trincomalee,September,1,2018-09-01
2018,Trincomalee,October,0,2018-10-01
2018,Trincomalee,November,0,2018-11-01
2018,Trincomalee,December,1,2018-12-01
2018,Vavuniya,January,0,2018-01-01
2018,Vavuniya,February,1,2018-02-01
2018,Vavuniya,March,0,2018-03-01
2018,Vavuniya,April,0,2018-04-01
2018,Vavuniya,May,0,2018-05-01
2018,Vavuniya,June,1,2018-06-01
2018,Vavuniya,July,0,2018-07-01
2018,Vavuniya,August,0,2018-08-01
2018,Vavuniya,September,0,2018-09-01
2018,Vavuniya,October,0,2018-10-01
2018,Vavuniya,November,0,2018-11-01
2018,Vavuniya,December,1,2018-12-01
2019,Ampara,January,1,2019-01-01
2019,Ampara,February,0,2019-02-01
2019,Ampara,March,0,2019-03-01
2019,Ampara,April,0,2019-04-01
2019,Ampara,May,0,2019-05-01
2019,Ampara,June,0,2019-06-01
2019,Ampara,July,0,2019-07-01
2019,Ampara,August,0,2019-08-01
2019,Ampara,September,1,2019-09-01
2019,Ampara,October,0,2019-10-01
2019,Ampara,November,0,2019-11-01
2019,Ampara,December,0,2019-12-01
2019,Anuradhapura,January,1,2019-01-01
2019,Anuradhapura,February,0,2019-02-01
2019,Anuradhapura,March,0,2019-03-01
2019,Anuradhapura,April,1,2019-04-01
2019,Anuradhapura,May,0,2019-05-01
2019,Anuradhapura,June,0,2019-06-01
2019,Anuradhapura,July,0,2019-07-01
2019,Anuradhapura,August,0,2019-08-01
2019,Anuradhapura,September,0,2019-09-01
2019,Anuradhapura,October,0,2019-10-01
2019,Anuradhapura,November,1,2019-11-01
2019,Anuradhapura,December,1,2019-12-01
2019,Badulla,January,0,2019-01-01
2019,Badulla,February,0,2019-02-01
2019,Badulla,March,0,2019-03-01
2019,Badulla,April,0,2019-04-01
2019,Badulla,May,0,2019-05-01
2019,Badulla,June,0,2019-06-01
2019,Badulla,July,0,2019-07-01
2019,Badulla,August,0,2019-08-01
2019,Badulla,September,0,2019-09-01
2019,Badulla,October,0,2019-10-01
2019,Badulla,November,0,2019-11-01
2019,Badulla,December,1,2019-12-01
2019,Batticaloa,January,0,2019-01-01
2019,Batticaloa,February,1,2019-02-01
2019,Batticaloa,March,0,2019-03-01
2019,Batticaloa,April,0,2019-04-01
2019,Batticaloa,May,0,2019-05-01
2019,Batticaloa,June,0,2019-06-01
2019,Batticaloa,July,0,2019-07-01
2019,Batticaloa,August,0,2019-08-01
2019,Batticaloa,September,1,2019-09-01
2019,Batticaloa,October,1,2019-10-01
2019,Batticaloa,November,1,2019-11-01
2019,Batticaloa,December,0,2019-12-01
2019,Colombo,January,0,2019-01-01
2019,Colombo,February,0,2019-02-01
2019,Colombo,March,0,2019-03-01
2019,Colombo,April,0,2019-04-01
2019,Colombo,May,0,2019-05-01
2019,Colombo,June,0,2019-06-01
2019,Colombo,July,0,2019-07-01
2019,Colombo,August,0,2019-08-01
2019,Colombo,September,0,2019-09-01
2019,Colombo,October,0,2019-10-01
2019,Colombo,November,0,2019-11-01
2019,Colombo,December,0,2019-12-01
2019,Galle,January,0,2019-01-01
2019,Galle,February,0,2019-02-01
2019,Galle,March,0,2019-03-01
2019,Galle,April,0,2019-04-01
2019,Galle,May,0,2019-05-01
2019,Galle,June,0,2019-06-01
2019,Galle,July,0,2019-07-01
2019,Galle,August,0,2019-08-01
2019,Galle,September,0,2019-09-01
2019,Galle,October,0,2019-10-01
2019,Galle,November,0,2019-11-01
2019,Galle,December,0,2019-12-01
2019,Gampaha,January,1,2019-01-01
2019,Gampaha,February,0,2019-02-01
2019,Gampaha,March,0,2019-03-01
2019,Gampaha,April,0,2019-04-01
2019,Gampaha,May,0,2019-05-01
2019,Gampaha,June,0,2019-06-01
2019,Gampaha,July,0,2019-07-01
2019,Gampaha,August,0,2019-08-01
2019,Gampaha,September,1,2019-09-01
2019,Gampaha,October,1,2019-10-01
2019,Gampaha,November,1,2019-11-01
2019,Gampaha,December,1,2019-12-01
2019,Hambantota,January,0,2019-01-01
2019,Hambantota,February,0,2019-02-01
2019,Hambantota,March,0,2019-03-01
2019,Hambantota,April,0,2019-04-01
2019,Hambantota,May,0,2019-05-01
2019,Hambantota,June,0,2019-06-01
2019,Hambantota,July,0,2019-07-01
2019,Hambantota,August,0,2019-08-01
2019,Hambantota,September,0,2019-09-01
2019,Hambantota,October,0,2019-10-01
2019,Hambantota,November,0,2019-11-01
2019,Hambantota,December,0,2019-12-01
2019,Jaffna,January,1,2019-01-01
2019,Jaffna,February,1,2019-02-01
2019,Jaffna,March,1,2019-03-01
2019,Jaffna,April,0,2019-04-01
2019,Jaffna,May,0,2019-05-01
2019,Jaffna,June,0,2019-06-01
2019,Jaffna,July,0,2019-07-01
2019,Jaffna,August,0,2019-08-01
2019,Jaffna,September,0,2019-09-01
2019,Jaffna,October,1,2019-10-01
2019,Jaffna,November,0,2019-11-01
2019,Jaffna,December,0,2019-12-01
2019,Kalutara,January,0,2019-01-01
2019,Kalutara,February,0,2019-02-01
2019,Kalutara,March,0,2019-03-01
2019,Kalutara,April,0,2019-04-01
2019,Kalutara,May,0,2019-05-01
2019,Kalutara,June,0,2019-06-01
2019,Kalutara,July,0,2019-07-01
2019,Kalutara,August,0,2019-08-01
2019,Kalutara,September,0,2019-09-01
2019,Kalutara,October,0,2019-10-01
2019,Kalutara,November,0,2019-11-01
2019,Kalutara,December,0,2019-12-01
2019,Kandy,January,1,2019-01-01
2019,Kandy,February,0,2019-02-01
2019,Kandy,March,0,2019-03-01
2019,Kandy,April,0,2019-04-01
2019,Kandy,May,0,2019-05-01
2019,Kandy,June,0,2019-06-01
2019,Kandy,July,0,2019-07-01
2019,Kandy,August,0,2019-08-01
2019,Kandy,September,0,2019-09-01
2019,Kandy,October,0,2019-10-01
2019,Kandy,November,1,2019-11-01
2019,Kandy,December,0,2019-12-01
2019,Kegalle,January,1,2019-01-01
2019,Kegalle,February,0,2019-02-01
2019,Kegalle,March,0,2019-03-01
2019,Kegalle,April,0,2019-04-01
2019,Kegalle,May,0,2019-05-01
2019,Kegalle,June,0,2019-06-01
2019,Kegalle,July,0,2019-07-01
2019,Kegalle,August,0,2019-08-01
2019,Kegalle,September,0,2019-09-01
2019,Kegalle,October,0,2019-10-01
2019,Kegalle,November,0,2019-11-01
2019,Kegalle,December,0,2019-12-01
2019,Kilinochchi,January,0,2019-01-01
2019,Kilinochchi,February,0,2019-02-01
2019,Kilinochchi,March,0,2019-03-01
2019,Kilinochchi,April,0,2019-04-01
2019,Kilinochchi,May,0,2019-05-01
2019,Kilinochchi,June,0,2019-06-01
2019,Kilinochchi,July,0,2019-07-01
2019,Kilinochchi,August,1,2019-08-01
2019,Kilinochchi,September,1,2019-09-01
2019,Kilinochchi,October,0,2019-10-01
2019,Kilinochchi,November,1,2019-11-01
2019,Kilinochchi,December,1,2019-12-01
2019,Kurunegala,January,1,2019-01-01
2019,Kurunegala,February,0,2019-02-01
2019,Kurunegala,March,0,2019-03-01
2019,Kurunegala,April,0,2019-04-01
2019,Kurunegala,May,0,2019-05-01
2019,Kurunegala,June,0,2019-06-01
2019,Kurunegala,July,0,2019-07-01
2019,Kurunegala,August,0,2019-08-01
2019,Kurunegala,September,0,2019-09-01
2019,Kurunegala,October,1,2019-10-01
2019,Kurunegala,November,1,2019-11-01
2019,Kurunegala,December,1,2019-12-01
2019,Mannar,January,1,2019-01-01
2019,Mannar,February,0,2019-02-01
2019,Mannar,March,0,2019-03-01
2019,Mannar,April,0,2019-04-01
2019,Mannar,May,0,2019-05-01
2019,Mannar,June,0,2019-06-01
2019,Mannar,July,0,2019-07-01
2019,Mannar,August,0,2019-08-01
2019,Mannar,September,0,2019-09-01
2019,Mannar,October,0,2019-10-01
2019,Mannar,November,0,2019-11-01
2019,Mannar,December,0,2019-12-01
2019,Matale,January,0,2019-01-01
2019,Matale,February,0,2019-02-01
2019,Matale,March,0,2019-03-01
2019,Matale,April,0,2019-04-01
2019,Matale,May,0,2019-05-01
2019,Matale,June,0,2019-06-01
2019,Matale,July,0,2019-07-01
2019,Matale,August,0,2019-08-01
2019,Matale,September,0,2019-09-01
2019,Matale,October,0,2019-10-01
2019,Matale,November,0,2019-11-01
2019,Matale,December,1,2019-12-01
2019,Matara,January,0,2019-01-01
2019,Matara,February,0,2019-02-01
2019,Matara,March,0,2019-03-01
2019,Matara,April,0,2019-04-01
2019,Matara,May,0,2019-05-01
2019,Matara,June,0,2019-06-01
2019,Matara,July,0,2019-07-01
2019,Matara,August,0,2019-08-01
2019,Matara,September,0,2019-09-01
2019,Matara,October,0,2019-10-01
2019,Matara,November,0,2019-11-01
2019,Matara,December,0,2019-12-01
2019,Moneragala,January,0,2019-01-01
2019,Moneragala,February,0,2019-02-01
2019,Moneragala,March,0,2019-03-01
2019,Moneragala,April,0,2019-04-01
2019,Moneragala,May,0,2019-05-01
2019,Moneragala,June,0,2019-06-01
2019,Moneragala,July,0,2019-07-01
2019,Moneragala,August,0,2019-08-01
2019,Moneragala,September,0,2019-09-01
2019,Moneragala,October,0,2019-10-01
2019,Moneragala,November,0,2019-11-01
2019,Moneragala,December,1,2019-12-01
2019,Mullaitivu,January,0,2019-01-01
2019,Mullaitivu,February,0,2019-02-01
2019,Mullaitivu,March,0,2019-03-01
2019,Mullaitivu,April,0,2019-04-01
2019,Mullaitivu,May,0,2019-05-01
2019,Mullaitivu,June,0,2019-06-01
2019,Mullaitivu,July,1,2019-07-01
2019,Mullaitivu,August,0,2019-08-01
2019,Mullaitivu,September,0,2019-09-01
2019,Mullaitivu,October,1,2019-10-01
2019,Mullaitivu,November,0,2019-11-01
2019,Mullaitivu,December,1,2019-12-01
2019,Nuwara Eliya,January,0,2019-01-01
2019,Nuwara Eliya,February,0,2019-02-01
2019,Nuwara Eliya,March,0,2019-03-01
2019,Nuwara Eliya,April,0,2019-04-01
2019,Nuwara Eliya,May,0,2019-05-01
2019,Nuwara Eliya,June,0,2019-06-01
2019,Nuwara Eliya,July,0,2019-07-01
2019,Nuwara Eliya,August,0,2019-08-01
2019,Nuwara Eliya,September,0,2019-09-01
2019,Nuwara Eliya,October,0,2019-10-01
2019,Nuwara Eliya,November,0,2019-11-01
2019,Nuwara Eliya,December,0,2019-12-01
2019,Polonnaruwa,January,0,2019-01-01
2019,Polonnaruwa,February,0,2019-02-01
2019,Polonnaruwa,March,0,2019-03-01
2019,Polonnaruwa,April,0,2019-04-01
2019,Polonnaruwa,May,1,2019-05-01
2019,Polonnaruwa,June,0,2019-06-01
2019,Polonnaruwa,July,0,2019-07-01
2019,Polonnaruwa,August,0,2019-08-01
2019,Polonnaruwa,September,0,2019-09-01
2019,Polonnaruwa,October,0,2019-10-01
2019,Polonnaruwa,November,0,2019-11-01
2019,Polonnaruwa,December,1,2019-12-01
2019,Puttalam,January,0,2019-01-01
2019,Puttalam,February,0,2019-02-01
2019,Puttalam,March,0,2019-03-01
2019,Puttalam,April,0,2019-04-01
2019,Puttalam,May,0,2019-05-01
2019,Puttalam,June,0,2019-06-01
2019,Puttalam,July,0,2019-07-01
2019,Puttalam,August,0,2019-08-01
2019,Puttalam,September,0,2019-09-01
2019,Puttalam,October,0,2019-10-01
2019,Puttalam,November,1,2019-11-01
2019,Puttalam,December,1,2019-12-01
2019,Ratnapura,January,0,2019-01-01
2019,Ratnapura,February,0,2019-02-01
2019,Ratnapura,March,0,2019-03-01
2019,Ratnapura,April,0,2019-04-01
2019,Ratnapura,May,0,2019-05-01
2019,Ratnapura,June,0,2019-06-01
2019,Ratnapura,July,0,2019-07-01
2019,Ratnapura,August,0,2019-08-01
2019,Ratnapura,September,0,2019-09-01
2019,Ratnapura,October,0,2019-10-01
2019,Ratnapura,November,0,2019-11-01
2019,Ratnapura,December,0,2019-12-01
2019,Trincomalee,January,0,2019-01-01
2019,Trincomalee,February,0,2019-02-01
2019,Trincomalee,March,0,2019-03-01
2019,Trincomalee,April,0,2019-04-01
2019,Trincomalee,May,0,2019-05-01
2019,Trincomalee,June,0,2019-06-01
2019,Trincomalee,July,0,2019-07-01
2019,Trincomalee,August,0,2019-08-01
2019,Trincomalee,September,0,2019-09-01
2019,Trincomalee,October,1,2019-10-01
2019,Trincomalee,November,1,2019-11-01
2019,Trincomalee,December,0,2019-12-01
2019,Vavuniya,January,1,2019-01-01
2019,Vavuniya,February,0,2019-02-01
2019,Vavuniya,March,0,2019-03-01
2019,Vavuniya,April,0,2019-04-01
2019,Vavuniya,May,0,2019-05-01
2019,Vavuniya,June,0,2019-06-01
2019,Vavuniya,July,0,2019-07-01
2019,Vavuniya,August,0,2019-08-01
2019,Vavuniya,September,0,2019-09-01
2019,Vavuniya,October,0,2019-10-01
2019,Vavuniya,November,1,2019-11-01
2019,Vavuniya,December,0,2019-12-01
2020,Ampara,January,1,2020-01-01
2020,Ampara,February,0,2020-02-01
2020,Ampara,March,0,2020-03-01
2020,Ampara,April,0,2020-04-01
2020,Ampara,May,0,2020-05-01
2020,Ampara,June,1,2020-06-01
2020,Ampara,July,0,2020-07-01
2020,Ampara,August,0,2020-08-01
2020,Ampara,September,0,2020-09-01
2020,Ampara,October,0,2020-10-01
2020,Ampara,November,0,2020-11-01
2020,Ampara,December,0,2020-12-01
2020,Anuradhapura,January,1,2020-01-01
2020,Anuradhapura,February,0,2020-02-01
2020,Anuradhapura,March,0,2020-03-01
2020,Anuradhapura,April,0,2020-04-01
2020,Anuradhapura,May,0,2020-05-01
2020,Anuradhapura,June,0,2020-06-01
2020,Anuradhapura,July,1,2020-07-01
2020,Anuradhapura,August,0,2020-08-01
2020,Anuradhapura,September,0,2020-09-01
2020,Anuradhapura,October,1,2020-10-01
2020,Anuradhapura,November,1,2020-11-01
2020,Anuradhapura,December,1,2020-12-01
2020,Badulla,January,1,2020-01-01
2020,Badulla,February,0,2020-02-01
2020,Badulla,March,0,2020-03-01
2020,Badulla,April,0,2020-04-01
2020,Badulla,May,0,2020-05-01
2020,Badulla,June,0,2020-06-01
2020,Badulla,July,0,2020-07-01
2020,Badulla,August,0,2020-08-01
2020,Badulla,September,0,2020-09-01
2020,Badulla,October,0,2020-10-01
2020,Badulla,November,0,2020-11-01
2020,Badulla,December,0,2020-12-01
2020,Batticaloa,January,0,2020-01-01
2020,Batticaloa,February,0,2020-02-01
2020,Batticaloa,March,0,2020-03-01
2020,Batticaloa,April,0,2020-04-01
2020,Batticaloa,May,0,2020-05-01
2020,Batticaloa,June,0,2020-06-01
2020,Batticaloa,July,0,2020-07-01
2020,Batticaloa,August,0,2020-08-01
2020,Batticaloa,September,0,2020-09-01
2020,Batticaloa,October,0,2020-10-01
2020,Batticaloa,November,0,2020-11-01
2020,Batticaloa,December,0,2020-12-01
2020,Colombo,January,0,2020-01-01
2020,Colombo,February,0,2020-02-01
2020,Colombo,March,0,2020-03-01
2020,Colombo,April,0,2020-04-01
2020,Colombo,May,0,2020-05-01
2020,Colombo,June,0,2020-06-01
2020,Colombo,July,0,2020-07-01
2020,Colombo,August,0,2020-08-01
2020,Colombo,September,0,2020-09-01
2020,Colombo,October,0,2020-10-01
2020,Colombo,November,0,2020-11-01
2020,Colombo,December,0,2020-12-01
2020,Galle,January,0,2020-01-01
2020,Galle,February,0,2020-02-01
2020,Galle,March,0,2020-03-01
2020,Galle,April,0,2020-04-01
2020,Galle,May,0,2020-05-01
2020,Galle,June,0,2020-06-01
2020,Galle,July,0,2020-07-01
2020,Galle,August,0,2020-08-01
2020,Galle,September,0,2020-09-01
2020,Galle,October,0,2020-10-01
2020,Galle,November,0,2020-11-01
2020,Galle,December,0,2020-12-01
2020,Gampaha,January,1,2020-01-01
2020,Gampaha,February,0,2020-02-01
2020,Gampaha,March,0,2020-03-01
2020,Gampaha,April,0,2020-04-01
2020,Gampaha,May,0,2020-05-01
2020,Gampaha,June,0,2020-06-01
2020,Gampaha,July,0,2020-07-01
2020,Gampaha,August,0,2020-08-01
2020,Gampaha,September,0,2020-09-01
2020,Gampaha,October,0,2020-10-01
2020,Gampaha,November,0,2020-11-01
2020,Gampaha,December,0,2020-12-01
2020,Hambantota,January,1,2020-01-01
2020,Hambantota,February,0,2020-02-01
2020,Hambantota,March,0,2020-03-01
2020,Hambantota,April,0,2020-04-01
2020,Hambantota,May,0,2020-05-01
2020,Hambantota,June,0,2020-06-01
2020,Hambantota,July,0,2020-07-01
2020,Hambantota,August,0,2020-08-01
2020,Hambantota,September,0,2020-09-01
2020,Hambantota,October,0,2020-10-01
2020,Hambantota,November,0,2020-11-01
2020,Hambantota,December,0,2020-12-01
2020,Jaffna,January,0,2020-01-01
2020,Jaffna,February,0,2020-02-01
2020,Jaffna,March,0,2020-03-01
2020,Jaffna,April,0,2020-04-01
2020,Jaffna,May,0,2020-05-01
2020,Jaffna,June,0,2020-06-01
2020,Jaffna,July,0,2020-07-01
2020,Jaffna,August,0,2020-08-01
2020,Jaffna,September,0,2020-09-01
2020,Jaffna,October,0,2020-10-01
2020,Jaffna,November,0,2020-11-01
2020,Jaffna,December,0,2020-12-01
2020,Kalutara,January,1,2020-01-01
2020,Kalutara,February,0,2020-02-01
2020,Kalutara,March,0,2020-03-01
2020,Kalutara,April,0,2020-04-01
2020,Kalutara,May,0,2020-05-01
2020,Kalutara,June,0,2020-06-01
2020,Kalutara,July,0,2020-07-01
2020,Kalutara,August,1,2020-08-01
2020,Kalutara,September,0,2020-09-01
2020,Kalutara,October,0,2020-10-01
2020,Kalutara,November,0,2020-11-01
2020,Kalutara,December,0,2020-12-01
2020,Kandy,January,0,2020-01-01
2020,Kandy,February,0,2020-02-01
2020,Kandy,March,0,2020-03-01
2020,Kandy,April,0,2020-04-01
2020,Kandy,May,0,2020-05-01
2020,Kandy,June,0,2020-06-01
2020,Kandy,July,0,2020-07-01
2020,Kandy,August,0,2020-08-01
2020,Kandy,September,0,2020-09-01
2020,Kandy,October,1,2020-10-01
2020,Kandy,November,1,2020-11-01
2020,Kandy,December,0,2020-12-01
2020,Kegalle,January,0,2020-01-01
2020,Kegalle,February,0,2020-02-01
2020,Kegalle,March,0,2020-03-01
2020,Kegalle,April,0,2020-04-01
2020,Kegalle,May,0,2020-05-01
2020,Kegalle,June,0,2020-06-01
2020,Kegalle,July,0,2020-07-01
2020,Kegalle,August,0,2020-08-01
2020,Kegalle,September,0,2020-09-01
2020,Kegalle,October,1,2020-10-01
2020,Kegalle,November,0,2020-11-01
2020,Kegalle,December,0,2020-12-01
2020,Kilinochchi,January,0,2020-01-01
2020,Kilinochchi,February,0,2020-02-01
2020,Kilinochchi,March,0,2020-03-01
2020,Kilinochchi,April,0,2020-04-01
2020,Kilinochchi,May,0,2020-05-01
2020,Kilinochchi,June,0,2020-06-01
2020,Kilinochchi,July,0,2020-07-01
2020,Kilinochchi,August,0,2020-08-01
2020,Kilinochchi,September,0,2020-09-01
2020,Kilinochchi,October,0,2020-10-01
2020,Kilinochchi,November,0,2020-11-01
2020,Kilinochchi,December,0,2020-12-01
2020,Kurunegala,January,1,2020-01-01
2020,Kurunegala,February,1,2020-02-01
2020,Kurunegala,March,0,2020-03-01
2020,Kurunegala,April,0,2020-04-01
2020,Kurunegala,May,0,2020-05-01
2020,Kurunegala,June,0,2020-06-01
2020,Kurunegala,July,0,2020-07-01
2020,Kurunegala,August,1,2020-08-01
2020,Kurunegala,September,0,2020-09-01
2020,Kurunegala,October,0,2020-10-01
2020,Kurunegala,November,0,2020-11-01
2020,Kurunegala,December,0,2020-12-01
2020,Mannar,January,0,2020-01-01
2020,Mannar,February,0,2020-02-01
2020,Mannar,March,0,2020-03-01
2020,Mannar,April,0,2020-04-01
2020,Mannar,May,0,2020-05-01
2020,Mannar,June,0,2020-06-01
2020,Mannar,July,0,2020-07-01
2020,Mannar,August,0,2020-08-01
2020,Mannar,September,0,2020-09-01
2020,Mannar,October,0,2020-10-01
2020,Mannar,November,0,2020-11-01
2020,Mannar,December,0,2020-12-01
2020,Matale,January,1,2020-01-01
2020,Matale,February,0,2020-02-01
2020,Matale,March,0,2020-03-01
2020,Matale,April,0,2020-04-01
2020,Matale,May,0,2020-05-01
2020,Matale,June,0,2020-06-01
2020,Matale,July,0,2020-07-01
2020,Matale,August,0,2020-08-01
2020,Matale,September,0,2020-09-01
2020,Matale,October,0,2020-10-01
2020,Matale,November,0,2020-11-01
2020,Matale,December,0,2020-12-01
2020,Matara,January,0,2020-01-01
2020,Matara,February,0,2020-02-01
2020,Matara,March,0,2020-03-01
2020,Matara,April,0,2020-04-01
2020,Matara,May,0,2020-05-01
2020,Matara,June,0,2020-06-01
2020,Matara,July,0,2020-07-01
2020,Matara,August,0,2020-08-01
2020,Matara,September,0,2020-09-01
2020,Matara,October,0,2020-10-01
2020,Matara,November,0,2020-11-01
2020,Matara,December,0,2020-12-01
2020,Moneragala,January,1,2020-01-01
2020,Moneragala,February,1,2020-02-01
2020,Moneragala,March,0,2020-03-01
2020,Moneragala,April,0,2020-04-01
2020,Moneragala,May,0,2020-05-01
2020,Moneragala,June,0,2020-06-01
2020,Moneragala,July,0,2020-07-01
2020,Moneragala,August,0,2020-08-01
2020,Moneragala,September,0,2020-09-01
2020,Moneragala,October,1,2020-10-01
2020,Moneragala,November,1,2020-11-01
2020,Moneragala,December,0,2020-12-01
2020,Mullaitivu,January,0,2020-01-01
2020,Mullaitivu,February,0,2020-02-01
2020,Mullaitivu,March,0,2020-03-01
2020,Mullaitivu,April,0,2020-04-01
2020,Mullaitivu,May,0,2020-05-01
2020,Mullaitivu,June,0,2020-06-01
2020,Mullaitivu,July,0,2020-07-01
2020,Mullaitivu,August,0,2020-08-01
2020,Mullaitivu,September,0,2020-09-01
2020,Mullaitivu,October,0,2020-10-01
2020,Mullaitivu,November,0,2020-11-01
2020,Mullaitivu,December,0,2020-12-01
2020,Nuwara Eliya,January,1,2020-01-01
2020,Nuwara Eliya,February,1,2020-02-01
2020,Nuwara Eliya,March,0,2020-03-01
2020,Nuwara Eliya,April,0,2020-04-01
2020,Nuwara Eliya,May,0,2020-05-01
2020,Nuwara Eliya,June,0,2020-06-01
2020,Nuwara Eliya,July,0,2020-07-01
2020,Nuwara Eliya,August,0,2020-08-01
2020,Nuwara Eliya,September,0,2020-09-01
2020,Nuwara Eliya,October,0,2020-10-01
2020,Nuwara Eliya,November,1,2020-11-01
2020,Nuwara Eliya,December,1,2020-12-01
2020,Polonnaruwa,January,1,2020-01-01
2020,Polonnaruwa,February,1,2020-02-01
2020,Polonnaruwa,March,0,2020-03-01
2020,Polonnaruwa,April,0,2020-04-01
2020,Polonnaruwa,May,0,2020-05-01
2020,Polonnaruwa,June,0,2020-06-01
2020,Polonnaruwa,July,0,2020-07-01
2020,Polonnaruwa,August,0,2020-08-01
2020,Polonnaruwa,September,0,2020-09-01
2020,Polonnaruwa,October,0,2020-10-01
2020,Polonnaruwa,November,0,2020-11-01
2020,Polonnaruwa,December,0,2020-12-01
2020,Puttalam,January,0,2020-01-01
2020,Puttalam,February,0,2020-02-01
2020,Puttalam,March,0,2020-03-01
2020,Puttalam,April,0,2020-04-01
2020,Puttalam,May,0,2020-05-01
2020,Puttalam,June,0,2020-06-01
2020,Puttalam,July,0,2020-07-01
2020,Puttalam,August,0,2020-08-01
2020,Puttalam,September,0,2020-09-01
2020,Puttalam,October,0,2020-10-01
2020,Puttalam,November,1,2020-11-01
2020,Puttalam,December,1,2020-12-01
2020,Ratnapura,January,0,2020-01-01
2020,Ratnapura,February,0,2020-02-01
2020,Ratnapura,March,0,2020-03-01
2020,Ratnapura,April,0,2020-04-01
2020,Ratnapura,May,0,2020-05-01
2020,Ratnapura,June,0,2020-06-01
2020,Ratnapura,July,0,2020-07-01
2020,Ratnapura,August,0,2020-08-01
2020,Ratnapura,September,0,2020-09-01
2020,Ratnapura,October,0,2020-10-01
2020,Ratnapura,November,0,2020-11-01
2020,Ratnapura,December,0,2020-12-01
2020,Trincomalee,January,0,2020-01-01
2020,Trincomalee,February,0,2020-02-01
2020,Trincomalee,March,1,2020-03-01
2020,Trincomalee,April,0,2020-04-01
2020,Trincomalee,May,0,2020-05-01
2020,Trincomalee,June,0,2020-06-01
2020,Trincomalee,July,0,2020-07-01
2020,Trincomalee,August,0,2020-08-01
2020,Trincomalee,September,0,2020-09-01
2020,Trincomalee,October,0,2020-10-01
2020,Trincomalee,November,0,2020-11-01
2020,Trincomalee,December,0,2020-12-01
2020,Vavuniya,January,0,2020-01-01
2020,Vavuniya,February,0,2020-02-01
2020,Vavuniya,March,0,2020-03-01
2020,Vavuniya,April,0,2020-04-01
2020,Vavuniya,May,0,2020-05-01
2020,Vavuniya,June,0,2020-06-01
2020,Vavuniya,July,0,2020-07-01
2020,Vavuniya,August,0,2020-08-01
2020,Vavuniya,September,0,2020-09-01
2020,Vavuniya,October,0,2020-10-01
2020,Vavuniya,November,0,2020-11-01
2020,Vavuniya,December,0,2020-12-01
2021,Ampara,January,1,2021-01-01
2021,Ampara,February,1,2021-02-01
2021,Ampara,March,0,2021-03-01
2021,Ampara,April,0,2021-04-01
2021,Ampara,May,0,2021-05-01
2021,Ampara,June,0,2021-06-01
2021,Ampara,July,0,2021-07-01
2021,Ampara,August,0,2021-08-01
2021,Ampara,September,0,2021-09-01
2021,Ampara,October,0,2021-10-01
2021,Ampara,November,0,2021-11-01
2021,Ampara,December,1,2021-12-01
2021,Anuradhapura,January,1,2021-01-01
2021,Anuradhapura,February,1,2021-02-01
2021,Anuradhapura,March,1,2021-03-01
2021,Anuradhapura,April,0,2021-04-01
2021,Anuradhapura,May,0,2021-05-01
2021,Anuradhapura,June,0,2021-06-01
2021,Anuradhapura,July,0,2021-07-01
2021,Anuradhapura,August,0,2021-08-01
2021,Anuradhapura,September,0,2021-09-01
2021,Anuradhapura,October,0,2021-10-01
2021,Anuradhapura,November,0,2021-11-01
2021,Anuradhapura,December,1,2021-12-01
2021,Badulla,January,1,2021-01-01
2021,Badulla,February,1,2021-02-01
2021,Badulla,March,1,2021-03-01
2021,Badulla,April,0,2021-04-01
2021,Badulla,May,0,2021-05-01
2021,Badulla,June,0,2021-06-01
2021,Badulla,July,0,2021-07-01
2021,Badulla,August,0,2021-08-01
2021,Badulla,September,0,2021-09-01
2021,Badulla,October,0,2021-10-01
2021,Badulla,November,0,2021-11-01
2021,Badulla,December,0,2021-12-01
2021,Batticaloa,January,0,2021-01-01
2021,Batticaloa,February,0,2021-02-01
2021,Batticaloa,March,0,2021-03-01
2021,Batticaloa,April,0,2021-04-01
2021,Batticaloa,May,0,2021-05-01
2021,Batticaloa,June,0,2021-06-01
2021,Batticaloa,July,0,2021-07-01
2021,Batticaloa,August,0,2021-08-01
2021,Batticaloa,September,0,2021-09-01
2021,Batticaloa,October,0,2021-10-01
2021,Batticaloa,November,0,2021-11-01
2021,Batticaloa,December,1,2021-12-01
2021,Colombo,January,0,2021-01-01
2021,Colombo,February,0,2021-02-01
2021,Colombo,March,0,2021-03-01
2021,Colombo,April,0,2021-04-01
2021,Colombo,May,0,2021-05-01
2021,Colombo,June,0,2021-06-01
2021,Colombo,July,0,2021-07-01
2021,Colombo,August,0,2021-08-01
2021,Colombo,September,0,2021-09-01
2021,Colombo,October,0,2021-10-01
2021,Colombo,November,0,2021-11-01
2021,Colombo,December,1,2021-12-01
2021,Galle,January,0,2021-01-01
2021,Galle,February,0,2021-02-01
2021,Galle,March,0,2021-03-01
2021,Galle,April,0,2021-04-01
2021,Galle,May,0,2021-05-01
2021,Galle,June,0,2021-06-01
2021,Galle,July,0,2021-07-01
2021,Galle,August,0,2021-08-01
2021,Galle,September,0,2021-09-01
2021,Galle,October,0,2021-10-01
2021,Galle,November,0,2021-11-01
2021,Galle,December,0,2021-12-01
2021,Gampaha,January,0,2021-01-01
2021,Gampaha,February,0,2021-02-01
2021,Gampaha,March,1,2021-03-01
2021,Gampaha,April,1,2021-04-01
2021,Gampaha,May,0,2021-05-01
2021,Gampaha,June,0,2021-06-01
2021,Gampaha,July,0,2021-07-01
2021,Gampaha,August,0,2021-08-01
2021,Gampaha,September,0,2021-09-01
2021,Gampaha,October,0,2021-10-01
2021,Gampaha,November,0,2021-11-01
2021,Gampaha,December,1,2021-12-01
2021,Hambantota,January,0,2021-01-01
2021,Hambantota,February,0,2021-02-01
2021,Hambantota,March,0,2021-03-01
2021,Hambantota,April,0,2021-04-01
2021,Hambantota,May,0,2021-05-01
2021,Hambantota,June,0,2021-06-01
2021,Hambantota,July,0,2021-07-01
2021,Hambantota,August,0,2021-08-01
2021,Hambantota,September,0,2021-09-01
2021,Hambantota,October,0,2021-10-01
2021,Hambantota,November,0,2021-11-01
2021,Hambantota,December,0,2021-12-01
2021,Jaffna,January,0,2021-01-01
2021,Jaffna,February,0,2021-02-01
2021,Jaffna,March,0,2021-03-01
2021,Jaffna,April,0,2021-04-01
2021,Jaffna,May,0,2021-05-01
2021,Jaffna,June,0,2021-06-01
2021,Jaffna,July,0,2021-07-01
2021,Jaffna,August,0,2021-08-01
2021,Jaffna,September,0,2021-09-01
2021,Jaffna,October,0,2021-10-01
2021,Jaffna,November,0,2021-11-01
2021,Jaffna,December,0,2021-12-01
2021,Kalutara,January,0,2021-01-01
2021,Kalutara,February,0,2021-02-01
2021,Kalutara,March,0,2021-03-01
2021,Kalutara,April,0,2021-04-01
2021,Kalutara,May,0,2021-05-01
2021,Kalutara,June,0,2021-06-01
2021,Kalutara,July,0,2021-07-01
2021,Kalutara,August,0,2021-08-01
2021,Kalutara,September,0,2021-09-01
2021,Kalutara,October,1,2021-10-01
2021,Kalutara,November,0,2021-11-01
2021,Kalutara,December,0,2021-12-01
2021,Kandy,January,0,2021-01-01
2021,Kandy,February,0,2021-02-01
2021,Kandy,March,1,2021-03-01
2021,Kandy,April,1,2021-04-01
2021,Kandy,May,1,2021-05-01
2021,Kandy,June,0,2021-06-01
2021,Kandy,July,0,2021-07-01
2021,Kandy,August,0,2021-08-01
2021,Kandy,September,0,2021-09-01
2021,Kandy,October,0,2021-10-01
2021,Kandy,November,0,2021-11-01
2021,Kandy,December,1,2021-12-01
2021,Kegalle,January,0,2021-01-01
2021,Kegalle,February,0,2021-02-01
2021,Kegalle,March,0,2021-03-01
2021,Kegalle,April,0,2021-04-01
2021,Kegalle,May,0,2021-05-01
2021,Kegalle,June,0,2021-06-01
2021,Kegalle,July,0,2021-07-01
2021,Kegalle,August,0,2021-08-01
2021,Kegalle,September,0,2021-09-01
2021,Kegalle,October,0,2021-10-01
2021,Kegalle,November,0,2021-11-01
2021,Kegalle,December,0,2021-12-01
2021,Kilinochchi,January,0,2021-01-01
2021,Kilinochchi,February,0,2021-02-01
2021,Kilinochchi,March,0,2021-03-01
2021,Kilinochchi,April,0,2021-04-01
2021,Kilinochchi,May,0,2021-05-01
2021,Kilinochchi,June,0,2021-06-01
2021,Kilinochchi,July,0,2021-07-01
2021,Kilinochchi,August,0,2021-08-01
2021,Kilinochchi,September,0,2021-09-01
2021,Kilinochchi,October,0,2021-10-01
2021,Kilinochchi,November,0,2021-11-01
2021,Kilinochchi,December,0,2021-12-01
2021,Kurunegala,January,0,2021-01-01
2021,Kurunegala,February,1,2021-02-01
2021,Kurunegala,March,1,2021-03-01
2021,Kurunegala,April,0,2021-04-01
2021,Kurunegala,May,0,2021-05-01
2021,Kurunegala,June,0,2021-06-01
2021,Kurunegala,July,0,2021-07-01
2021,Kurunegala,August,0,2021-08-01
2021,Kurunegala,September,0,2021-09-01
2021,Kurunegala,October,0,2021-10-01
2021,Kurunegala,November,0,2021-11-01
2021,Kurunegala,December,1,2021-12-01
2021,Mannar,January,0,2021-01-01
2021,Mannar,February,0,2021-02-01
2021,Mannar,March,0,2021-03-01
2021,Mannar,April,0,2021-04-01
2021,Mannar,May,0,2021-05-01
2021,Mannar,June,0,2021-06-01
2021,Mannar,July,0,2021-07-01
2021,Mannar,August,0,2021-08-01
2021,Mannar,September,0,2021-09-01
2021,Mannar,October,0,2021-10-01
2021,Mannar,November,0,2021-11-01
2021,Mannar,December,0,2021-12-01
2021,Matale,January,0,2021-01-01
2021,Matale,February,0,2021-02-01
2021,Matale,March,0,2021-03-01
2021,Matale,April,0,2021-04-01
2021,Matale,May,0,2021-05-01
2021,Matale,June,0,2021-06-01
2021,Matale,July,0,2021-07-01
2021,Matale,August,0,2021-08-01
2021,Matale,September,0,2021-09-01
2021,Matale,October,0,2021-10-01
2021,Matale,November,0,2021-11-01
2021,Matale,December,0,2021-12-01
2021,Matara,January,0,2021-01-01
2021,Matara,February,0,2021-02-01
2021,Matara,March,0,2021-03-01
2021,Matara,April,0,2021-04-01
2021,Matara,May,0,2021-05-01
2021,Matara,June,0,2021-06-01
2021,Matara,July,0,2021-07-01
2021,Matara,August,0,2021-08-01
2021,Matara,September,0,2021-09-01
2021,Matara,October,0,2021-10-01
2021,Matara,November,0,2021-11-01
2021,Matara,December,0,2021-12-01
2021,Moneragala,January,0,2021-01-01
2021,Moneragala,February,0,2021-02-01
2021,Moneragala,March,0,2021-03-01
2021,Moneragala,April,0,2021-04-01
2021,Moneragala,May,0,2021-05-01
2021,Moneragala,June,0,2021-06-01
2021,Moneragala,July,0,2021-07-01
2021,Moneragala,August,0,2021-08-01
2021,Moneragala,September,0,2021-09-01
2021,Moneragala,October,0,2021-10-01
2021,Moneragala,November,0,2021-11-01
2021,Moneragala,December,0,2021-12-01
2021,Mullaitivu,January,0,2021-01-01
2021,Mullaitivu,February,0,2021-02-01
2021,Mullaitivu,March,0,2021-03-01
2021,Mullaitivu,April,0,2021-04-01
2021,Mullaitivu,May,0,2021-05-01
2021,Mullaitivu,June,0,2021-06-01
2021,Mullaitivu,July,0,2021-07-01
2021,Mullaitivu,August,0,2021-08-01
2021,Mullaitivu,September,0,2021-09-01
2021,Mullaitivu,October,0,2021-10-01
2021,Mullaitivu,November,0,2021-11-01
2021,Mullaitivu,December,0,2021-12-01
2021,Nuwara Eliya,January,0,2021-01-01
2021,Nuwara Eliya,February,0,2021-02-01
2021,Nuwara Eliya,March,1,2021-03-01
2021,Nuwara Eliya,April,1,2021-04-01
2021,Nuwara Eliya,May,0,2021-05-01
2021,Nuwara Eliya,June,0,2021-06-01
2021,Nuwara Eliya,July,0,2021-07-01
2021,Nuwara Eliya,August,0,2021-08-01
2021,Nuwara Eliya,September,0,2021-09-01
2021,Nuwara Eliya,October,0,2021-10-01
2021,Nuwara Eliya,November,0,2021-11-01
2021,Nuwara Eliya,December,0,2021-12-01
2021,Polonnaruwa,January,0,2021-01-01
2021,Polonnaruwa,February,0,2021-02-01
2021,Polonnaruwa,March,0,2021-03-01
2021,Polonnaruwa,April,0,2021-04-01
2021,Polonnaruwa,May,1,2021-05-01
2021,Polonnaruwa,June,0,2021-06-01
2021,Polonnaruwa,July,0,2021-07-01
2021,Polonnaruwa,August,0,2021-08-01
2021,Polonnaruwa,September,0,2021-09-01
2021,Polonnaruwa,October,0,2021-10-01
2021,Polonnaruwa,November,0,2021-11-01
2021,Polonnaruwa,December,0,2021-12-01
2021,Puttalam,January,1,2021-01-01
2021,Puttalam,February,0,2021-02-01
2021,Puttalam,March,1,2021-03-01
2021,Puttalam,April,0,2021-04-01
2021,Puttalam,May,0,2021-05-01
2021,Puttalam,June,0,2021-06-01
2021,Puttalam,July,0,2021-07-01
2021,Puttalam,August,0,2021-08-01
2021,Puttalam,September,0,2021-09-01
2021,Puttalam,October,0,2021-10-01
2021,Puttalam,November,1,2021-11-01
2021,Puttalam,December,1,2021-12-01
2021,Ratnapura,January,0,2021-01-01
2021,Ratnapura,February,0,2021-02-01
2021,Ratnapura,March,0,2021-03-01
2021,Ratnapura,April,0,2021-04-01
2021,Ratnapura,May,0,2021-05-01
2021,Ratnapura,June,0,2021-06-01
2021,Ratnapura,July,0,2021-07-01
2021,Ratnapura,August,0,2021-08-01
2021,Ratnapura,September,0,2021-09-01
2021,Ratnapura,October,0,2021-10-01
2021,Ratnapura,November,0,2021-11-01
2021,Ratnapura,December,0,2021-12-01
2021,Trincomalee,January,0,2021-01-01
2021,Trincomalee,February,0,2021-02-01
2021,Trincomalee,March,0,2021-03-01
2021,Trincomalee,April,0,2021-04-01
2021,Trincomalee,May,0,2021-05-01
2021,Trincomalee,June,0,2021-06-01
2021,Trincomalee,July,0,2021-07-01
2021,Trincomalee,August,0,2021-08-01
2021,Trincomalee,September,0,2021-09-01
2021,Trincomalee,October,0,2021-10-01
2021,Trincomalee,November,0,2021-11-01
2021,Trincomalee,December,1,2021-12-01
2021,Vavuniya,January,0,2021-01-01
2021,Vavuniya,February,0,2021-02-01
2021,Vavuniya,March,0,2021-03-01
2021,Vavuniya,April,0,2021-04-01
2021,Vavuniya,May,0,2021-05-01
2021,Vavuniya,June,0,2021-06-01
2021,Vavuniya,July,0,2021-07-01
2021,Vavuniya,August,0,2021-08-01
2021,Vavuniya,September,0,2021-09-01
2021,Vavuniya,October,0,2021-10-01
2021,Vavuniya,November,0,2021-11-01
2021,Vavuniya,December,0,2021-12-01
2022,Ampara,January,0,2022-01-01
2022,Ampara,February,0,2022-02-01
2022,Ampara,March,1,2022-03-01
2022,Ampara,April,0,2022-04-01
2022,Ampara,May,0,2022-05-01
2022,Ampara,June,0,2022-06-01
2022,Ampara,July,0,2022-07-01
2022,Ampara,August,1,2022-08-01
2022,Ampara,September,0,2022-09-01
2022,Ampara,October,0,2022-10-01
2022,Ampara,November,0,2022-11-01
2022,Ampara,December,1,2022-12-01
2022,Anuradhapura,January,1,2022-01-01
2022,Anuradhapura,February,0,2022-02-01
2022,Anuradhapura,March,0,2022-03-01
2022,Anuradhapura,April,1,2022-04-01
2022,Anuradhapura,May,1,2022-05-01
2022,Anuradhapura,June,0,2022-06-01
2022,Anuradhapura,July,0,2022-07-01
2022,Anuradhapura,August,0,2022-08-01
2022,Anuradhapura,September,0,2022-09-01
2022,Anuradhapura,October,0,2022-10-01
2022,Anuradhapura,November,0,2022-11-01
2022,Anuradhapura,December,0,2022-12-01
2022,Badulla,January,0,2022-01-01
2022,Badulla,February,1,2022-02-01
2022,Badulla,March,0,2022-03-01
2022,Badulla,April,0,2022-04-01
2022,Badulla,May,1,2022-05-01
2022,Badulla,June,1,2022-06-01
2022,Badulla,July,0,2022-07-01
2022,Badulla,August,0,2022-08-01
2022,Badulla,September,0,2022-09-01
2022,Badulla,October,0,2022-10-01
2022,Badulla,November,0,2022-11-01
2022,Badulla,December,1,2022-12-01
2022,Batticaloa,January,0,2022-01-01
2022,Batticaloa,February,0,2022-02-01
2022,Batticaloa,March,1,2022-03-01
2022,Batticaloa,April,1,2022-04-01
2022,Batticaloa,May,0,2022-05-01
2022,Batticaloa,June,0,2022-06-01
2022,Batticaloa,July,0,2022-07-01
2022,Batticaloa,August,0,2022-08-01
2022,Batticaloa,September,0,2022-09-01
2022,Batticaloa,October,0,2022-10-01
2022,Batticaloa,November,0,2022-11-01
2022,Batticaloa,December,0,2022-12-01
2022,Colombo,January,1,2022-01-01
2022,Colombo,February,0,2022-02-01
2022,Colombo,March,0,2022-03-01
2022,Colombo,April,0,2022-04-01
2022,Colombo,May,0,2022-05-01
2022,Colombo,June,0,2022-06-01
2022,Colombo,July,0,2022-07-01
2022,Colombo,August,0,2022-08-01
2022,Colombo,September,0,2022-09-01
2022,Colombo,October,0,2022-10-01
2022,Colombo,November,0,2022-11-01
2022,Colombo,December,0,2022-12-01
2022,Galle,January,0,2022-01-01
2022,Galle,February,0,2022-02-01
2022,Galle,March,0,2022-03-01
2022,Galle,April,0,2022-04-01
2022,Galle,May,1,2022-05-01
2022,Galle,June,0,2022-06-01
2022,Galle,July,0,2022-07-01
2022,Galle,August,0,2022-08-01
2022,Galle,September,0,2022-09-01
2022,Galle,October,0,2022-10-01
2022,Galle,November,0,2022-11-01
2022,Galle,December,0,2022-12-01
2022,Gampaha,January,1,2022-01-01
2022,Gampaha,February,1,2022-02-01
2022,Gampaha,March,0,2022-03-01
2022,Gampaha,April,0,2022-04-01
2022,Gampaha,May,0,2022-05-01
2022,Gampaha,June,0,2022-06-01
2022,Gampaha,July,0,2022-07-01
2022,Gampaha,August,0,2022-08-01
2022,Gampaha,September,0,2022-09-01
2022,Gampaha,October,0,2022-10-01
2022,Gampaha,November,0,2022-11-01
2022,Gampaha,December,0,2022-12-01
2022,Hambantota,January,0,2022-01-01
2022,Hambantota,February,0,2022-02-01
2022,Hambantota,March,0,2022-03-01
2022,Hambantota,April,0,2022-04-01
2022,Hambantota,May,0,2022-05-01
2022,Hambantota,June,0,2022-06-01
2022,Hambantota,July,0,2022-07-01
2022,Hambantota,August,0,2022-08-01
2022,Hambantota,September,0,2022-09-01
2022,Hambantota,October,1,2022-10-01
2022,Hambantota,November,0,2022-11-01
2022,Hambantota,December,0,2022-12-01
2022,Jaffna,January,0,2022-01-01
2022,Jaffna,February,0,2022-02-01
2022,Jaffna,March,0,2022-03-01
2022,Jaffna,April,0,2022-04-01
2022,Jaffna,May,0,2022-05-01
2022,Jaffna,June,0,2022-06-01
2022,Jaffna,July,0,2022-07-01
2022,Jaffna,August,0,2022-08-01
2022,Jaffna,September,0,2022-09-01
2022,Jaffna,October,0,2022-10-01
2022,Jaffna,November,0,2022-11-01
2022,Jaffna,December,0,2022-12-01
2022,Kalutara,January,1,2022-01-01
2022,Kalutara,February,0,2022-02-01
2022,Kalutara,March,0,2022-03-01
2022,Kalutara,April,0,2022-04-01
2022,Kalutara,May,0,2022-05-01
2022,Kalutara,June,0,2022-06-01
2022,Kalutara,July,0,2022-07-01
2022,Kalutara,August,0,2022-08-01
2022,Kalutara,September,0,2022-09-01
2022,Kalutara,October,0,2022-10-01
2022,Kalutara,November,0,2022-11-01
2022,Kalutara,December,0,2022-12-01
2022,Kandy,January,1,2022-01-01
2022,Kandy,February,1,2022-02-01
2022,Kandy,March,0,2022-03-01
2022,Kandy,April,0,2022-04-01
2022,Kandy,May,0,2022-05-01
2022,Kandy,June,1,2022-06-01
2022,Kandy,July,0,2022-07-01
2022,Kandy,August,0,2022-08-01
2022,Kandy,September,0,2022-09-01
2022,Kandy,October,0,2022-10-01
2022,Kandy,November,0,2022-11-01
2022,Kandy,December,0,2022-12-01
2022,Kegalle,January,0,2022-01-01
2022,Kegalle,February,1,2022-02-01
2022,Kegalle,March,0,2022-03-01
2022,Kegalle,April,0,2022-04-01
2022,Kegalle,May,1,2022-05-01
2022,Kegalle,June,0,2022-06-01
2022,Kegalle,July,0,2022-07-01
2022,Kegalle,August,0,2022-08-01
2022,Kegalle,September,0,2022-09-01
2022,Kegalle,October,0,2022-10-01
2022,Kegalle,November,0,2022-11-01
2022,Kegalle,December,0,2022-12-01
2022,Kilinochchi,January,0,2022-01-01
2022,Kilinochchi,February,0,2022-02-01
2022,Kilinochchi,March,0,2022-03-01
2022,Kilinochchi,April,0,2022-04-01
2022,Kilinochchi,May,0,2022-05-01
2022,Kilinochchi,June,0,2022-06-01
2022,Kilinochchi,July,0,2022-07-01
2022,Kilinochchi,August,0,2022-08-01
2022,Kilinochchi,September,0,2022-09-01
2022,Kilinochchi,October,0,2022-10-01
2022,Kilinochchi,November,0,2022-11-01
2022,Kilinochchi,December,0,2022-12-01
2022,Kurunegala,January,1,2022-01-01
2022,Kurunegala,February,1,2022-02-01
2022,Kurunegala,March,0,2022-03-01
2022,Kurunegala,April,0,2022-04-01
2022,Kurunegala,May,0,2022-05-01
2022,Kurunegala,June,0,2022-06-01
2022,Kurunegala,July,0,2022-07-01
2022,Kurunegala,August,0,2022-08-01
2022,Kurunegala,September,0,2022-09-01
2022,Kurunegala,October,0,2022-10-01
2022,Kurunegala,November,0,2022-11-01
2022,Kurunegala,December,0,2022-12-01
2022,Mannar,January,0,2022-01-01
2022,Mannar,February,0,2022-02-01
2022,Mannar,March,0,2022-03-01
2022,Mannar,April,0,2022-04-01
2022,Mannar,May,0,2022-05-01
2022,Mannar,June,0,2022-06-01
2022,Mannar,July,0,2022-07-01
2022,Mannar,August,0,2022-08-01
2022,Mannar,September,0,2022-09-01
2022,Mannar,October,1,2022-10-01
2022,Mannar,November,0,2022-11-01
2022,Mannar,December,0,2022-12-01
2022,Matale,January,0,2022-01-01
2022,Matale,February,1,2022-02-01
2022,Matale,March,0,2022-03-01
2022,Matale,April,0,2022-04-01
2022,Matale,May,0,2022-05-01
2022,Matale,June,0,2022-06-01
2022,Matale,July,0,2022-07-01
2022,Matale,August,0,2022-08-01
2022,Matale,September,0,2022-09-01
2022,Matale,October,0,2022-10-01
2022,Matale,November,0,2022-11-01
2022,Matale,December,0,2022-12-01
2022,Matara,January,0,2022-01-01
2022,Matara,February,0,2022-02-01
2022,Matara,March,0,2022-03-01
2022,Matara,April,0,2022-04-01
2022,Matara,May,0,2022-05-01
2022,Matara,June,0,2022-06-01
2022,Matara,July,0,2022-07-01
2022,Matara,August,0,2022-08-01
2022,Matara,September,0,2022-09-01
2022,Matara,October,0,2022-10-01
2022,Matara,November,0,2022-11-01
2022,Matara,December,0,2022-12-01
2022,Moneragala,January,0,2022-01-01
2022,Moneragala,February,0,2022-02-01
2022,Moneragala,March,0,2022-03-01
2022,Moneragala,April,0,2022-04-01
2022,Moneragala,May,0,2022-05-01
2022,Moneragala,June,0,2022-06-01
2022,Moneragala,July,0,2022-07-01
2022,Moneragala,August,0,2022-08-01
2022,Moneragala,September,0,2022-09-01
2022,Moneragala,October,0,2022-10-01
2022,Moneragala,November,0,2022-11-01
2022,Moneragala,December,1,2022-12-01
2022,Mullaitivu,January,0,2022-01-01
2022,Mullaitivu,February,0,2022-02-01
2022,Mullaitivu,March,0,2022-03-01
2022,Mullaitivu,April,0,2022-04-01
2022,Mullaitivu,May,0,2022-05-01
2022,Mullaitivu,June,0,2022-06-01
2022,Mullaitivu,July,0,2022-07-01
2022,Mullaitivu,August,1,2022-08-01
2022,Mullaitivu,September,0,2022-09-01
2022,Mullaitivu,October,0,2022-10-01
2022,Mullaitivu,November,0,2022-11-01
2022,Mullaitivu,December,1,2022-12-01
2022,Nuwara Eliya,January,0,2022-01-01
2022,Nuwara Eliya,February,0,2022-02-01
2022,Nuwara Eliya,March,0,2022-03-01
2022,Nuwara Eliya,April,0,2022-04-01
2022,Nuwara Eliya,May,0,2022-05-01
2022,Nuwara Eliya,June,0,2022-06-01
2022,Nuwara Eliya,July,0,2022-07-01
2022,Nuwara Eliya,August,0,2022-08-01
2022,Nuwara Eliya,September,0,2022-09-01
2022,Nuwara Eliya,October,0,2022-10-01
2022,Nuwara Eliya,November,0,2022-11-01
2022,Nuwara Eliya,December,0,2022-12-01
2022,Polonnaruwa,January,1,2022-01-01
2022,Polonnaruwa,February,0,2022-02-01
2022,Polonnaruwa,March,0,2022-03-01
2022,Polonnaruwa,April,0,2022-04-01
2022,Polonnaruwa,May,0,2022-05-01
2022,Polonnaruwa,June,0,2022-06-01
2022,Polonnaruwa,July,0,2022-07-01
2022,Polonnaruwa,August,0,2022-08-01
2022,Polonnaruwa,September,0,2022-09-01
2022,Polonnaruwa,October,0,2022-10-01
2022,Polonnaruwa,November,0,2022-11-01
2022,Polonnaruwa,December,0,2022-12-01
2022,Puttalam,January,1,2022-01-01
2022,Puttalam,February,1,2022-02-01
2022,Puttalam,March,0,2022-03-01
2022,Puttalam,April,0,2022-04-01
2022,Puttalam,May,0,2022-05-01
2022,Puttalam,June,0,2022-06-01
2022,Puttalam,July,0,2022-07-01
2022,Puttalam,August,0,2022-08-01
2022,Puttalam,September,0,2022-09-01
2022,Puttalam,October,0,2022-10-01
2022,Puttalam,November,0,2022-11-01
2022,Puttalam,December,0,2022-12-01
2022,Ratnapura,January,0,2022-01-01
2022,Ratnapura,February,0,2022-02-01
2022,Ratnapura,March,0,2022-03-01
2022,Ratnapura,April,0,2022-04-01
2022,Ratnapura,May,0,2022-05-01
2022,Ratnapura,June,0,2022-06-01
2022,Ratnapura,July,0,2022-07-01
2022,Ratnapura,August,0,2022-08-01
2022,Ratnapura,September,0,2022-09-01
2022,Ratnapura,October,0,2022-10-01
2022,Ratnapura,November,0,2022-11-01
2022,Ratnapura,December,0,2022-12-01
2022,Trincomalee,January,1,2022-01-01
2022,Trincomalee,February,0,2022-02-01
2022,Trincomalee,March,1,2022-03-01
2022,Trincomalee,April,0,2022-04-01
2022,Trincomalee,May,0,2022-05-01
2022,Trincomalee,June,0,2022-06-01
2022,Trincomalee,July,0,2022-07-01
2022,Trincomalee,August,0,2022-08-01
2022,Trincomalee,September,0,2022-09-01
2022,Trincomalee,October,0,2022-10-01
2022,Trincomalee,November,0,2022-11-01
2022,Trincomalee,December,1,2022-12-01
2022,Vavuniya,January,0,2022-01-01
2022,Vavuniya,February,0,2022-02-01
2022,Vavuniya,March,0,2022-03-01
2022,Vavuniya,April,0,2022-04-01
2022,Vavuniya,May,0,2022-05-01
2022,Vavuniya,June,0,2022-06-01
2022,Vavuniya,July,0,2022-07-01
2022,Vavuniya,August,0,2022-08-01
2022,Vavuniya,September,0,2022-09-01
2022,Vavuniya,October,0,2022-10-01
2022,Vavuniya,November,0,2022-11-01
2022,Vavuniya,December,0,2022-12-01
2023,Ampara,January,1,2023-01-01
2023,Ampara,February,1,2023-02-01
2023,Ampara,March,1,2023-03-01
2023,Ampara,April,0,2023-04-01
2023,Ampara,May,0,2023-05-01
2023,Ampara,June,0,2023-06-01
2023,Ampara,July,0,2023-07-01
2023,Ampara,August,0,2023-08-01
2023,Ampara,September,0,2023-09-01
2023,Ampara,October,0,2023-10-01
2023,Ampara,November,0,2023-11-01
2023,Ampara,December,0,2023-12-01
2023,Anuradhapura,January,1,2023-01-01
2023,Anuradhapura,February,0,2023-02-01
2023,Anuradhapura,March,0,2023-03-01
2023,Anuradhapura,April,0,2023-04-01
2023,Anuradhapura,May,0,2023-05-01
2023,Anuradhapura,June,1,2023-06-01
2023,Anuradhapura,July,0,2023-07-01
2023,Anuradhapura,August,0,2023-08-01
2023,Anuradhapura,September,0,2023-09-01
2023,Anuradhapura,October,0,2023-10-01
2023,Anuradhapura,November,0,2023-11-01
2023,Anuradhapura,December,0,2023-12-01
2023,Badulla,January,0,2023-01-01
2023,Badulla,February,0,2023-02-01
2023,Badulla,March,0,2023-03-01
2023,Badulla,April,0,2023-04-01
2023,Badulla,May,0,2023-05-01
2023,Badulla,June,0,2023-06-01
2023,Badulla,July,0,2023-07-01
2023,Badulla,August,0,2023-08-01
2023,Badulla,September,0,2023-09-01
2023,Badulla,October,0,2023-10-01
2023,Badulla,November,0,2023-11-01
2023,Badulla,December,0,2023-12-01
2023,Batticaloa,January,1,2023-01-01
2023,Batticaloa,February,1,2023-02-01
2023,Batticaloa,March,0,2023-03-01
2023,Batticaloa,April,0,2023-04-01
2023,Batticaloa,May,0,2023-05-01
2023,Batticaloa,June,0,2023-06-01
2023,Batticaloa,July,0,2023-07-01
2023,Batticaloa,August,0,2023-08-01
2023,Batticaloa,September,0,2023-09-01
2023,Batticaloa,October,1,2023-10-01
2023,Batticaloa,November,0,2023-11-01
2023,Batticaloa,December,0,2023-12-01
2023,Colombo,January,0,2023-01-01
2023,Colombo,February,0,2023-02-01
2023,Colombo,March,0,2023-03-01
2023,Colombo,April,0,2023-04-01
2023,Colombo,May,0,2023-05-01
2023,Colombo,June,0,2023-06-01
2023,Colombo,July,0,2023-07-01
2023,Colombo,August,0,2023-08-01
2023,Colombo,September,0,2023-09-01
2023,Colombo,October,0,2023-10-01
2023,Colombo,November,0,2023-11-01
2023,Colombo,December,0,2023-12-01
2023,Galle,January,0,2023-01-01
2023,Galle,February,0,2023-02-01
2023,Galle,March,0,2023-03-01
2023,Galle,April,0,2023-04-01
2023,Galle,May,0,2023-05-01
2023,Galle,June,0,2023-06-01
2023,Galle,July,0,2023-07-01
2023,Galle,August,0,2023-08-01
2023,Galle,September,0,2023-09-01
2023,Galle,October,0,2023-10-01
2023,Galle,November,0,2023-11-01
2023,Galle,December,0,2023-12-01
2023,Gampaha,January,0,2023-01-01
2023,Gampaha,February,0,2023-02-01
2023,Gampaha,March,0,2023-03-01
2023,Gampaha,April,0,2023-04-01
2023,Gampaha,May,0,2023-05-01
2023,Gampaha,June,0,2023-06-01
2023,Gampaha,July,0,2023-07-01
2023,Gampaha,August,0,2023-08-01
2023,Gampaha,September,0,2023-09-01
2023,Gampaha,October,0,2023-10-01
2023,Gampaha,November,0,2023-11-01
2023,Gampaha,December,0,2023-12-01
2023,Hambantota,January,0,2023-01-01
2023,Hambantota,February,0,2023-02-01
2023,Hambantota,March,0,2023-03-01
2023,Hambantota,April,0,2023-04-01
2023,Hambantota,May,0,2023-05-01
2023,Hambantota,June,0,2023-06-01
2023,Hambantota,July,0,2023-07-01
2023,Hambantota,August,0,2023-08-01
2023,Hambantota,September,0,2023-09-01
2023,Hambantota,October,0,2023-10-01
2023,Hambantota,November,0,2023-11-01
2023,Hambantota,December,0,2023-12-01
2023,Jaffna,January,0,2023-01-01
2023,Jaffna,February,0,2023-02-01
2023,Jaffna,March,0,2023-03-01
2023,Jaffna,April,0,2023-04-01
2023,Jaffna,May,0,2023-05-01
2023,Jaffna,June,0,2023-06-01
2023,Jaffna,July,0,2023-07-01
2023,Jaffna,August,0,2023-08-01
2023,Jaffna,September,0,2023-09-01
2023,Jaffna,October,0,2023-10-01
2023,Jaffna,November,0,2023-11-01
2023,Jaffna,December,0,2023-12-01
2023,Kalutara,January,0,2023-01-01
2023,Kalutara,February,0,2023-02-01
2023,Kalutara,March,0,2023-03-01
2023,Kalutara,April,0,2023-04-01
2023,Kalutara,May,0,2023-05-01
2023,Kalutara,June,0,2023-06-01
2023,Kalutara,July,0,2023-07-01
2023,Kalutara,August,0,2023-08-01
2023,Kalutara,September,0,2023-09-01
2023,Kalutara,October,0,2023-10-01
2023,Kalutara,November,0,2023-11-01
2023,Kalutara,December,0,2023-12-01
2023,Kandy,January,1,2023-01-01
2023,Kandy,February,0,2023-02-01
2023,Kandy,March,0,2023-03-01
2023,Kandy,April,0,2023-04-01
2023,Kandy,May,0,2023-05-01
2023,Kandy,June,0,2023-06-01
2023,Kandy,July,0,2023-07-01
2023,Kandy,August,0,2023-08-01
2023,Kandy,September,0,2023-09-01
2023,Kandy,October,0,2023-10-01
2023,Kandy,November,0,2023-11-01
2023,Kandy,December,0,2023-12-01
2023,Kegalle,January,0,2023-01-01
2023,Kegalle,February,0,2023-02-01
2023,Kegalle,March,0,2023-03-01
2023,Kegalle,April,0,2023-04-01
2023,Kegalle,May,0,2023-05-01
2023,Kegalle,June,0,2023-06-01
2023,Kegalle,July,0,2023-07-01
2023,Kegalle,August,0,2023-08-01
2023,Kegalle,September,0,2023-09-01
2023,Kegalle,October,0,2023-10-01
2023,Kegalle,November,0,2023-11-01
2023,Kegalle,December,0,2023-12-01
2023,Kilinochchi,January,0,2023-01-01
2023,Kilinochchi,February,0,2023-02-01
2023,Kilinochchi,March,0,2023-03-01
2023,Kilinochchi,April,0,2023-04-01
2023,Kilinochchi,May,0,2023-05-01
2023,Kilinochchi,June,0,2023-06-01
2023,Kilinochchi,July,0,2023-07-01
2023,Kilinochchi,August,0,2023-08-01
2023,Kilinochchi,September,0,2023-09-01
2023,Kilinochchi,October,0,2023-10-01
2023,Kilinochchi,November,0,2023-11-01
2023,Kilinochchi,December,0,2023-12-01
2023,Kurunegala,January,0,2023-01-01
2023,Kurunegala,February,0,2023-02-01
2023,Kurunegala,March,0,2023-03-01
2023,Kurunegala,April,0,2023-04-01
2023,Kurunegala,May,0,2023-05-01
2023,Kurunegala,June,0,2023-06-01
2023,Kurunegala,July,0,2023-07-01
2023,Kurunegala,August,0,2023-08-01
2023,Kurunegala,September,0,2023-09-01
2023,Kurunegala,October,0,2023-10-01
2023,Kurunegala,November,0,2023-11-01
2023,Kurunegala,December,0,2023-12-01
2023,Mannar,January,0,2023-01-01
2023,Mannar,February,0,2023-02-01
2023,Mannar,March,0,2023-03-01
2023,Mannar,April,0,2023-04-01
2023,Mannar,May,0,2023-05-01
2023,Mannar,June,0,2023-06-01
2023,Mannar,July,0,2023-07-01
2023,Mannar,August,0,2023-08-01
2023,Mannar,September,0,2023-09-01
2023,Mannar,October,0,2023-10-01
2023,Mannar,November,0,2023-11-01
2023,Mannar,December,0,2023-12-01
2023,Matale,January,0,2023-01-01
2023,Matale,February,0,2023-02-01
2023,Matale,March,0,2023-03-01
2023,Matale,April,0,2023-04-01
2023,Matale,May,0,2023-05-01
2023,Matale,June,0,2023-06-01
2023,Matale,July,0,2023-07-01
2023,Matale,August,0,2023-08-01
2023,Matale,September,0,2023-09-01
2023,Matale,October,0,2023-10-01
2023,Matale,November,0,2023-11-01
2023,Matale,December,0,2023-12-01
2023,Matara,January,0,2023-01-01
2023,Matara,February,0,2023-02-01
2023,Matara,March,0,2023-03-01
2023,Matara,April,0,2023-04-01
2023,Matara,May,0,2023-05-01
2023,Matara,June,0,2023-06-01
2023,Matara,July,0,2023-07-01
2023,Matara,August,0,2023-08-01
2023,Matara,September,0,2023-09-01
2023,Matara,October,0,2023-10-01
2023,Matara,November,0,2023-11-01
2023,Matara,December,0,2023-12-01
2023,Moneragala,January,1,2023-01-01
2023,Moneragala,February,0,2023-02-01
2023,Moneragala,March,0,2023-03-01
2023,Moneragala,April,0,2023-04-01
2023,Moneragala,May,0,2023-05-01
2023,Moneragala,June,0,2023-06-01
2023,Moneragala,July,0,2023-07-01
2023,Moneragala,August,0,2023-08-01
2023,Moneragala,September,0,2023-09-01
2023,Moneragala,October,0,2023-10-01
2023,Moneragala,November,0,2023-11-01
2023,Moneragala,December,0,2023-12-01
2023,Mullaitivu,January,0,2023-01-01
2023,Mullaitivu,February,0,2023-02-01
2023,Mullaitivu,March,1,2023-03-01
2023,Mullaitivu,April,0,2023-04-01
2023,Mullaitivu,May,0,2023-05-01
2023,Mullaitivu,June,0,2023-06-01
2023,Mullaitivu,July,0,2023-07-01
2023,Mullaitivu,August,0,2023-08-01
2023,Mullaitivu,September,0,2023-09-01
2023,Mullaitivu,October,0,2023-10-01
2023,Mullaitivu,November,0,2023-11-01
2023,Mullaitivu,December,0,2023-12-01
2023,Nuwara Eliya,January,0,2023-01-01
2023,Nuwara Eliya,February,0,2023-02-01
2023,Nuwara Eliya,March,0,2023-03-01
2023,Nuwara Eliya,April,0,2023-04-01
2023,Nuwara Eliya,May,0,2023-05-01
2023,Nuwara Eliya,June,0,2023-06-01
2023,Nuwara Eliya,July,0,2023-07-01
2023,Nuwara Eliya,August,0,2023-08-01
2023,Nuwara Eliya,September,0,2023-09-01
2023,Nuwara Eliya,October,0,2023-10-01
2023,Nuwara Eliya,November,0,2023-11-01
2023,Nuwara Eliya,December,0,2023-12-01
2023,Polonnaruwa,January,0,2023-01-01
2023,Polonnaruwa,February,0,2023-02-01
2023,Polonnaruwa,March,0,2023-03-01
2023,Polonnaruwa,April,0,2023-04-01
2023,Polonnaruwa,May,0,2023-05-01
2023,Polonnaruwa,June,1,2023-06-01
2023,Polonnaruwa,July,0,2023-07-01
2023,Polonnaruwa,August,0,2023-08-01
2023,Polonnaruwa,September,0,2023-09-01
2023,Polonnaruwa,October,0,2023-10-01
2023,Polonnaruwa,November,0,2023-11-01
2023,Polonnaruwa,December,0,2023-12-01
2023,Puttalam,January,0,2023-01-01
2023,Puttalam,February,0,2023-02-01
2023,Puttalam,March,0,2023-03-01
2023,Puttalam,April,0,2023-04-01
2023,Puttalam,May,0,2023-05-01
2023,Puttalam,June,0,2023-06-01
2023,Puttalam,July,0,2023-07-01
2023,Puttalam,August,0,2023-08-01
2023,Puttalam,September,0,2023-09-01
2023,Puttalam,October,0,2023-10-01
2023,Puttalam,November,0,2023-11-01
2023,Puttalam,December,0,2023-12-01
2023,Ratnapura,January,0,2023-01-01
2023,Ratnapura,February,0,2023-02-01
2023,Ratnapura,March,0,2023-03-01
2023,Ratnapura,April,0,2023-04-01
2023,Ratnapura,May,0,2023-05-01
2023,Ratnapura,June,0,2023-06-01
2023,Ratnapura,July,0,2023-07-01
2023,Ratnapura,August,0,2023-08-01
2023,Ratnapura,September,0,2023-09-01
2023,Ratnapura,October,0,2023-10-01
2023,Ratnapura,November,0,2023-11-01
2023,Ratnapura,December,0,2023-12-01
2023,Trincomalee,January,0,2023-01-01
2023,Trincomalee,February,0,2023-02-01
2023,Trincomalee,March,0,2023-03-01
2023,Trincomalee,April,0,2023-04-01
2023,Trincomalee,May,0,2023-05-01
2023,Trincomalee,June,0,2023-06-01
2023,Trincomalee,July,0,2023-07-01
2023,Trincomalee,August,0,2023-08-01
2023,Trincomalee,September,0,2023-09-01
2023,Trincomalee,October,0,2023-10-01
2023,Trincomalee,November,0,2023-11-01
2023,Trincomalee,December,0,2023-12-01
2023,Vavuniya,January,0,2023-01-01
2023,Vavuniya,February,0,2023-02-01
2023,Vavuniya,March,0,2023-03-01
2023,Vavuniya,April,0,2023-04-01
2023,Vavuniya,May,0,2023-05-01
2023,Vavuniya,June,0,2023-06-01
2023,Vavuniya,July,0,2023-07-01
2023,Vavuniya,August,0,2023-08-01
2023,Vavuniya,September,0,2023-09-01
2023,Vavuniya,October,0,2023-10-01
2023,Vavuniya,November,0,2023-11-01
2023,Vavuniya,December,0,2023-12-01
2024,Ampara,January,0,2024-01-01
2024,Ampara,February,0,2024-02-01
2024,Ampara,March,0,2024-03-01
2024,Ampara,April,0,2024-04-01
2024,Ampara,May,0,2024-05-01
2024,Ampara,June,0,2024-06-01
2024,Ampara,July,0,2024-07-01
2024,Ampara,August,0,2024-08-01
2024,Ampara,September,0,2024-09-01
2024,Ampara,October,0,2024-10-01
2024,Ampara,November,0,2024-11-01
2024,Ampara,December,0,2024-12-01
2024,Anuradhapura,January,0,2024-01-01
2024,Anuradhapura,February,0,2024-02-01
2024,Anuradhapura,March,0,2024-03-01
2024,Anuradhapura,April,0,2024-04-01
2024,Anuradhapura,May,0,2024-05-01
2024,Anuradhapura,June,0,2024-06-01
2024,Anuradhapura,July,0,2024-07-01
2024,Anuradhapura,August,0,2024-08-01
2024,Anuradhapura,September,0,2024-09-01
2024,Anuradhapura,October,0,2024-10-01
2024,Anuradhapura,November,0,2024-11-01
2024,Anuradhapura,December,0,2024-12-01
2024,Badulla,January,0,2024-01-01
2024,Badulla,February,0,2024-02-01
2024,Badulla,March,0,2024-03-01
2024,Badulla,April,0,2024-04-01
2024,Badulla,May,0,2024-05-01
2024,Badulla,June,0,2024-06-01
2024,Badulla,July,0,2024-07-01
2024,Badulla,August,0,2024-08-01
2024,Badulla,September,0,2024-09-01
2024,Badulla,October,0,2024-10-01
2024,Badulla,November,0,2024-11-01
2024,Badulla,December,0,2024-12-01
2024,Batticaloa,January,0,2024-01-01
2024,Batticaloa,February,0,2024-02-01
2024,Batticaloa,March,0,2024-03-01
2024,Batticaloa,April,0,2024-04-01
2024,Batticaloa,May,0,2024-05-01
2024,Batticaloa,June,0,2024-06-01
2024,Batticaloa,July,0,2024-07-01
2024,Batticaloa,August,0,2024-08-01
2024,Batticaloa,September,0,2024-09-01
2024,Batticaloa,October,0,2024-10-01
2024,Batticaloa,November,0,2024-11-01
2024,Batticaloa,December,0,2024-12-01
2024,Colombo,January,0,2024-01-01
2024,Colombo,February,0,2024-02-01
2024,Colombo,March,0,2024-03-01
2024,Colombo,April,0,2024-04-01
2024,Colombo,May,0,2024-05-01
2024,Colombo,June,0,2024-06-01
2024,Colombo,July,0,2024-07-01
2024,Colombo,August,0,2024-08-01
2024,Colombo,September,0,2024-09-01
2024,Colombo,October,0,2024-10-01
2024,Colombo,November,0,2024-11-01
2024,Colombo,December,0,2024-12-01
2024,Galle,January,0,2024-01-01
2024,Galle,February,0,2024-02-01
2024,Galle,March,0,2024-03-01
2024,Galle,April,0,2024-04-01
2024,Galle,May,0,2024-05-01
2024,Galle,June,0,2024-06-01
2024,Galle,July,0,2024-07-01
2024,Galle,August,0,2024-08-01
2024,Galle,September,0,2024-09-01
2024,Galle,October,0,2024-10-01
2024,Galle,November,0,2024-11-01
2024,Galle,December,0,2024-12-01
2024,Gampaha,January,0,2024-01-01
2024,Gampaha,February,0,2024-02-01
2024,Gampaha,March,0,2024-03-01
2024,Gampaha,April,0,2024-04-01
2024,Gampaha,May,0,2024-05-01
2024,Gampaha,June,0,2024-06-01
2024,Gampaha,July,0,2024-07-01
2024,Gampaha,August,0,2024-08-01
2024,Gampaha,September,0,2024-09-01
2024,Gampaha,October,0,2024-10-01
2024,Gampaha,November,0,2024-11-01
2024,Gampaha,December,0,2024-12-01
2024,Hambantota,January,0,2024-01-01
2024,Hambantota,February,0,2024-02-01
2024,Hambantota,March,0,2024-03-01
2024,Hambantota,April,0,2024-04-01
2024,Hambantota,May,0,2024-05-01
2024,Hambantota,June,0,2024-06-01
2024,Hambantota,July,0,2024-07-01
2024,Hambantota,August,0,2024-08-01
2024,Hambantota,September,0,2024-09-01
2024,Hambantota,October,0,2024-10-01
2024,Hambantota,November,0,2024-11-01
2024,Hambantota,December,0,2024-12-01
2024,Jaffna,January,0,2024-01-01
2024,Jaffna,February,0,2024-02-01
2024,Jaffna,March,0,2024-03-01
2024,Jaffna,April,0,2024-04-01
2024,Jaffna,May,0,2024-05-01
2024,Jaffna,June,0,2024-06-01
2024,Jaffna,July,0,2024-07-01
2024,Jaffna,August,0,2024-08-01
2024,Jaffna,September,0,2024-09-01
2024,Jaffna,October,0,2024-10-01
2024,Jaffna,November,0,2024-11-01
2024,Jaffna,December,0,2024-12-01
2024,Kalutara,January,0,2024-01-01
2024,Kalutara,February,0,2024-02-01
2024,Kalutara,March,0,2024-03-01
2024,Kalutara,April,0,2024-04-01
2024,Kalutara,May,0,2024-05-01
2024,Kalutara,June,0,2024-06-01
2024,Kalutara,July,0,2024-07-01
2024,Kalutara,August,0,2024-08-01
2024,Kalutara,September,0,2024-09-01
2024,Kalutara,October,0,2024-10-01
2024,Kalutara,November,0,2024-11-01
2024,Kalutara,December,0,2024-12-01
2024,Kandy,January,0,2024-01-01
2024,Kandy,February,0,2024-02-01
2024,Kandy,March,0,2024-03-01
2024,Kandy,April,0,2024-04-01
2024,Kandy,May,0,2024-05-01
2024,Kandy,June,0,2024-06-01
2024,Kandy,July,0,2024-07-01
2024,Kandy,August,0,2024-08-01
2024,Kandy,September,0,2024-09-01
2024,Kandy,October,0,2024-10-01
2024,Kandy,November,0,2024-11-01
2024,Kandy,December,0,2024-12-01
2024,Kegalle,January,0,2024-01-01
2024,Kegalle,February,0,2024-02-01
2024,Kegalle,March,0,2024-03-01
2024,Kegalle,April,0,2024-04-01
2024,Kegalle,May,0,2024-05-01
2024,Kegalle,June,0,2024-06-01
2024,Kegalle,July,0,2024-07-01
2024,Kegalle,August,0,2024-08-01
2024,Kegalle,September,0,2024-09-01
2024,Kegalle,October,0,2024-10-01
2024,Kegalle,November,0,2024-11-01
2024,Kegalle,December,0,2024-12-01
2024,Kilinochchi,January,0,2024-01-01
2024,Kilinochchi,February,0,2024-02-01
2024,Kilinochchi,March,0,2024-03-01
2024,Kilinochchi,April,0,2024-04-01
2024,Kilinochchi,May,0,2024-05-01
2024,Kilinochchi,June,0,2024-06-01
2024,Kilinochchi,July,0,2024-07-01
2024,Kilinochchi,August,0,2024-08-01
2024,Kilinochchi,September,0,2024-09-01
2024,Kilinochchi,October,0,2024-10-01
2024,Kilinochchi,November,0,2024-11-01
2024,Kilinochchi,December,0,2024-12-01
2024,Kurunegala,January,0,2024-01-01
2024,Kurunegala,February,0,2024-02-01
2024,Kurunegala,March,0,2024-03-01
2024,Kurunegala,April,0,2024-04-01
2024,Kurunegala,May,0,2024-05-01
2024,Kurunegala,June,0,2024-06-01
2024,Kurunegala,July,0,2024-07-01
2024,Kurunegala,August,0,2024-08-01
2024,Kurunegala,September,0,2024-09-01
2024,Kurunegala,October,0,2024-10-01
2024,Kurunegala,November,0,2024-11-01
2024,Kurunegala,December,0,2024-12-01
2024,Mannar,January,0,2024-01-01
2024,Mannar,February,0,2024-02-01
2024,Mannar,March,0,2024-03-01
2024,Mannar,April,0,2024-04-01
2024,Mannar,May,0,2024-05-01
2024,Mannar,June,0,2024-06-01
2024,Mannar,July,0,2024-07-01
2024,Mannar,August,0,2024-08-01
2024,Mannar,September,0,2024-09-01
2024,Mannar,October,0,2024-10-01
2024,Mannar,November,0,2024-11-01
2024,Mannar,December,0,2024-12-01
2024,Matale,January,0,2024-01-01
2024,Matale,February,0,2024-02-01
2024,Matale,March,0,2024-03-01
2024,Matale,April,0,2024-04-01
2024,Matale,May,0,2024-05-01
2024,Matale,June,0,2024-06-01
2024,Matale,July,0,2024-07-01
2024,Matale,August,0,2024-08-01
2024,Matale,September,0,2024-09-01
2024,Matale,October,0,2024-10-01
2024,Matale,November,0,2024-11-01
2024,Matale,December,0,2024-12-01
2024,Matara,January,0,2024-01-01
2024,Matara,February,0,2024-02-01
2024,Matara,March,0,2024-03-01
2024,Matara,April,0,2024-04-01
2024,Matara,May,0,2024-05-01
2024,Matara,June,0,2024-06-01
2024,Matara,July,0,2024-07-01
2024,Matara,August,0,2024-08-01
2024,Matara,September,0,2024-09-01
2024,Matara,October,0,2024-10-01
2024,Matara,November,0,2024-11-01
2024,Matara,December,0,2024-12-01
2024,Moneragala,January,0,2024-01-01
2024,Moneragala,February,0,2024-02-01
2024,Moneragala,March,0,2024-03-01
2024,Moneragala,April,0,2024-04-01
2024,Moneragala,May,0,2024-05-01
2024,Moneragala,June,0,2024-06-01
2024,Moneragala,July,0,2024-07-01
2024,Moneragala,August,0,2024-08-01
2024,Moneragala,September,0,2024-09-01
2024,Moneragala,October,0,2024-10-01
2024,Moneragala,November,0,2024-11-01
2024,Moneragala,December,0,2024-12-01
2024,Mullaitivu,January,0,2024-01-01
2024,Mullaitivu,February,0,2024-02-01
2024,Mullaitivu,March,0,2024-03-01
2024,Mullaitivu,April,0,2024-04-01
2024,Mullaitivu,May,0,2024-05-01
2024,Mullaitivu,June,0,2024-06-01
2024,Mullaitivu,July,0,2024-07-01
2024,Mullaitivu,August,0,2024-08-01
2024,Mullaitivu,September,0,2024-09-01
2024,Mullaitivu,October,0,2024-10-01
2024,Mullaitivu,November,0,2024-11-01
2024,Mullaitivu,December,0,2024-12-01
2024,Nuwara Eliya,January,0,2024-01-01
2024,Nuwara Eliya,February,0,2024-02-01
2024,Nuwara Eliya,March,0,2024-03-01
2024,Nuwara Eliya,April,0,2024-04-01
2024,Nuwara Eliya,May,0,2024-05-01
2024,Nuwara Eliya,June,0,2024-06-01
2024,Nuwara Eliya,July,0,2024-07-01
2024,Nuwara Eliya,August,0,2024-08-01
2024,Nuwara Eliya,September,0,2024-09-01
2024,Nuwara Eliya,October,0,2024-10-01
2024,Nuwara Eliya,November,0,2024-11-01
2024,Nuwara Eliya,December,0,2024-12-01
2024,Polonnaruwa,January,0,2024-01-01
2024,Polonnaruwa,February,0,2024-02-01
2024,Polonnaruwa,March,0,2024-03-01
2024,Polonnaruwa,April,0,2024-04-01
2024,Polonnaruwa,May,0,2024-05-01
2024,Polonnaruwa,June,0,2024-06-01
2024,Polonnaruwa,July,0,2024-07-01
2024,Polonnaruwa,August,0,2024-08-01
2024,Polonnaruwa,September,0,2024-09-01
2024,Polonnaruwa,October,0,2024-10-01
2024,Polonnaruwa,November,0,2024-11-01
2024,Polonnaruwa,December,0,2024-12-01
2024,Puttalam,January,0,2024-01-01
2024,Puttalam,February,0,2024-02-01
2024,Puttalam,March,0,2024-03-01
2024,Puttalam,April,0,2024-04-01
2024,Puttalam,May,0,2024-05-01
2024,Puttalam,June,0,2024-06-01
2024,Puttalam,July,0,2024-07-01
2024,Puttalam,August,0,2024-08-01
2024,Puttalam,September,0,2024-09-01
2024,Puttalam,October,0,2024-10-01
2024,Puttalam,November,0,2024-11-01
2024,Puttalam,December,0,2024-12-01
2024,Ratnapura,January,0,2024-01-01
2024,Ratnapura,February,0,2024-02-01
2024,Ratnapura,March,0,2024-03-01
2024,Ratnapura,April,0,2024-04-01
2024,Ratnapura,May,0,2024-05-01
2024,Ratnapura,June,0,2024-06-01
2024,Ratnapura,July,0,2024-07-01
2024,Ratnapura,August,0,2024-08-01
2024,Ratnapura,September,0,2024-09-01
2024,Ratnapura,October,0,2024-10-01
2024,Ratnapura,November,0,2024-11-01
2024,Ratnapura,December,0,2024-12-01
2024,Trincomalee,January,0,2024-01-01
2024,Trincomalee,February,0,2024-02-01
2024,Trincomalee,March,0,2024-03-01
2024,Trincomalee,April,0,2024-04-01
2024,Trincomalee,May,0,2024-05-01
2024,Trincomalee,June,0,2024-06-01
2024,Trincomalee,July,0,2024-07-01
2024,Trincomalee,August,0,2024-08-01
2024,Trincomalee,September,0,2024-09-01
2024,Trincomalee,October,0,2024-10-01
2024,Trincomalee,November,0,2024-11-01
2024,Trincomalee,December,0,2024-12-01
2024,Vavuniya,January,0,2024-01-01
2024,Vavuniya,February,0,2024-02-01
2024,Vavuniya,March,0,2024-03-01
2024,Vavuniya,April,0,2024-04-01
2024,Vavuniya,May,0,2024-05-01
2024,Vavuniya,June,0,2024-06-01
2024,Vavuniya,July,0,2024-07-01
2024,Vavuniya,August,0,2024-08-01
2024,Vavuniya,September,0,2024-09-01
2024,Vavuniya,October,0,2024-10-01
2024,Vavuniya,November,0,2024-11-01
2024,Vavuniya,December,0,2024-12-01
