district,year,month_num,true_severity,predicted_severity,interval_low,interval_high,confidence_pct,interval_label
Colombo,2017,1,LOW,LOW,LOW,LOW,97.0,"[LOW, LOW]"
Colombo,2021,12,HIGH,HIGH,LOW,HIGH,72.0,"[LOW, HIGH]"
Colombo,2022,1,HIGH,HIGH,LOW,HIGH,66.0,"[LOW, HIGH]"
Gampaha,2017,1,LOW,LOW,LOW,LOW,95.0,"[LOW, LOW]"
Gampaha,2019,1,MEDIUM,MEDIUM,LOW,MEDIUM,66.0,"[LOW, MEDIUM]"
Gampaha,2019,9,MEDIUM,MEDIUM,LOW,MEDIUM,79.0,"[LOW, MEDIUM]"
Gampaha,2019,10,MEDIUM,MEDIUM,LOW,MEDIUM,85.0,"[LOW, MEDIUM]"
Gampaha,2019,11,MEDIUM,MEDIUM,LOW,MEDIUM,78.0,"[LOW, MEDIUM]"
Gampaha,2019,12,MEDIUM,MEDIUM,LOW,MEDIUM,81.0,"[LOW, MEDIUM]"
Gampaha,2020,1,LOW,LOW,LOW,MEDIUM,91.0,"[LOW, MEDIUM]"
Gampaha,2021,3,LOW,LOW,LOW,MEDIUM,88.0,"[LOW, MEDIUM]"
Gampaha,2021,4,LOW,LOW,LOW,MEDIUM,91.0,"[LOW, MEDIUM]"
Gampaha,2021,12,LOW,LOW,LOW,HIGH,62.0,"[LOW, HIGH]"
Gampaha,2022,1,LOW,LOW,LOW,HIGH,90.0,"[LOW, HIGH]"
Gampaha,2022,2,LOW,LOW,LOW,LOW,96.0,"[LOW, LOW]"
Kalutara,2020,1,LOW,LOW,LOW,LOW,95.0,"[LOW, LOW]"
Kalutara,2020,8,LOW,LOW,LOW,LOW,95.0,"[LOW, LOW]"
Kalutara,2021,10,LOW,LOW,LOW,MEDIUM,91.0,"[LOW, MEDIUM]"
Kalutara,2022,1,LOW,LOW,LOW,HIGH,94.0,"[LOW, HIGH]"
Kalutara,2024,1,LOW,LOW,LOW,MEDIUM,84.0,"[LOW, MEDIUM]"
Kalutara,2024,2,LOW,LOW,LOW,LOW,96.0,"[LOW, LOW]"
Kalutara,2024,3,LOW,LOW,LOW,MEDIUM,94.0,"[LOW, MEDIUM]"
Kalutara,2024,10,LOW,LOW,LOW,LOW,95.0,"[LOW, LOW]"
Kalutara,2024,11,LOW,LOW,LOW,MEDIUM,93.0,"[LOW, MEDIUM]"
Kalutara,2024,12,LOW,LOW,LOW,MEDIUM,86.0,"[LOW, MEDIUM]"
Kandy,2017,3,LOW,LOW,LOW,MEDIUM,63.0,"[LOW, MEDIUM]"
Kandy,2018,2,MEDIUM,MEDIUM,MEDIUM,MEDIUM,100.0,"[MEDIUM, MEDIUM]"
Kandy,2018,3,MEDIUM,MEDIUM,LOW,MEDIUM,92.0,"[LOW, MEDIUM]"
Kandy,2018,8,MEDIUM,MEDIUM,LOW,MEDIUM,88.0,"[LOW, MEDIUM]"
Kandy,2018,9,MEDIUM,MEDIUM,LOW,MEDIUM,67.0,"[LOW, MEDIUM]"
Kandy,2018,10,MEDIUM,MEDIUM,LOW,MEDIUM,79.0,"[LOW, MEDIUM]"
Kandy,2019,1,LOW,LOW,LOW,MEDIUM,66.0,"[LOW, MEDIUM]"
Kandy,2019,11,LOW,LOW,LOW,MEDIUM,75.0,"[LOW, MEDIUM]"
Kandy,2020,10,LOW,LOW,LOW,MEDIUM,74.0,"[LOW, MEDIUM]"
Kandy,2020,11,LOW,LOW,LOW,MEDIUM,62.0,"[LOW, MEDIUM]"
Kandy,2021,3,MEDIUM,MEDIUM,MEDIUM,MEDIUM,98.0,"[MEDIUM, MEDIUM]"
Kandy,2021,4,MEDIUM,MEDIUM,LOW,MEDIUM,86.0,"[LOW, MEDIUM]"
Kandy,2021,5,MEDIUM,MEDIUM,MEDIUM,MEDIUM,97.0,"[MEDIUM, MEDIUM]"
Kandy,2021,12,MEDIUM,MEDIUM,LOW,MEDIUM,75.0,"[LOW, MEDIUM]"
Kandy,2022,1,MEDIUM,MEDIUM,MEDIUM,MEDIUM,95.0,"[MEDIUM, MEDIUM]"
Kandy,2022,2,MEDIUM,MEDIUM,MEDIUM,MEDIUM,100.0,"[MEDIUM, MEDIUM]"
Kandy,2022,6,MEDIUM,MEDIUM,LOW,MEDIUM,93.0,"[LOW, MEDIUM]"
Kandy,2023,1,LOW,LOW,LOW,MEDIUM,70.0,"[LOW, MEDIUM]"
Kandy,2024,1,LOW,MEDIUM,LOW,MEDIUM,68.0,"[LOW, MEDIUM]"
Kandy,2024,2,LOW,LOW,LOW,MEDIUM,60.0,"[LOW, MEDIUM]"
Kandy,2024,3,LOW,MEDIUM,MEDIUM,MEDIUM,99.0,"[MEDIUM, MEDIUM]"
Kandy,2024,10,LOW,MEDIUM,LOW,MEDIUM,86.0,"[LOW, MEDIUM]"
Kandy,2024,11,LOW,LOW,LOW,MEDIUM,65.0,"[LOW, MEDIUM]"
Kandy,2024,12,LOW,MEDIUM,LOW,MEDIUM,55.0,"[LOW, MEDIUM]"
Matale,2018,1,MEDIUM,MEDIUM,MEDIUM,MEDIUM,96.0,"[MEDIUM, MEDIUM]"
Matale,2018,3,MEDIUM,MEDIUM,LOW,MEDIUM,94.0,"[LOW, MEDIUM]"
Matale,2018,12,MEDIUM,MEDIUM,MEDIUM,MEDIUM,95.0,"[MEDIUM, MEDIUM]"
Matale,2019,12,MEDIUM,MEDIUM,LOW,MEDIUM,83.0,"[LOW, MEDIUM]"
Matale,2020,1,LOW,LOW,LOW,MEDIUM,75.0,"[LOW, MEDIUM]"
Matale,2022,2,MEDIUM,MEDIUM,MEDIUM,MEDIUM,100.0,"[MEDIUM, MEDIUM]"
Nuwara Eliya,2018,9,LOW,LOW,LOW,MEDIUM,67.0,"[LOW, MEDIUM]"
Nuwara Eliya,2020,1,MEDIUM,MEDIUM,LOW,MEDIUM,85.0,"[LOW, MEDIUM]"
Nuwara Eliya,2020,2,MEDIUM,MEDIUM,LOW,MEDIUM,94.0,"[LOW, MEDIUM]"
Nuwara Eliya,2020,11,MEDIUM,MEDIUM,LOW,MEDIUM,88.0,"[LOW, MEDIUM]"
Nuwara Eliya,2020,12,MEDIUM,MEDIUM,LOW,MEDIUM,84.0,"[LOW, MEDIUM]"
Nuwara Eliya,2021,3,LOW,LOW,LOW,MEDIUM,56.0,"[LOW, MEDIUM]"
Nuwara Eliya,2021,4,LOW,LOW,LOW,MEDIUM,69.0,"[LOW, MEDIUM]"
Galle,2022,5,LOW,LOW,LOW,MEDIUM,92.0,"[LOW, MEDIUM]"
Hambantota,2017,1,LOW,LOW,LOW,LOW,100.0,"[LOW, LOW]"
Hambantota,2017,2,LOW,LOW,LOW,LOW,100.0,"[LOW, LOW]"
Hambantota,2017,4,LOW,LOW,LOW,LOW,100.0,"[LOW, LOW]"
Hambantota,2018,6,LOW,LOW,LOW,LOW,100.0,"[LOW, LOW]"
Hambantota,2020,1,LOW,LOW,LOW,LOW,99.0,"[LOW, LOW]"
Hambantota,2022,10,LOW,LOW,LOW,LOW,100.0,"[LOW, LOW]"
Jaffna,2017,11,LOW,LOW,LOW,LOW,99.0,"[LOW, LOW]"
Jaffna,2018,1,LOW,LOW,LOW,LOW,100.0,"[LOW, LOW]"
Jaffna,2018,2,LOW,LOW,LOW,LOW,100.0,"[LOW, LOW]"
Jaffna,2019,1,LOW,LOW,LOW,LOW,100.0,"[LOW, LOW]"
Jaffna,2019,2,LOW,LOW,LOW,LOW,100.0,"[LOW, LOW]"
Jaffna,2019,3,LOW,LOW,LOW,LOW,100.0,"[LOW, LOW]"
Jaffna,2019,10,LOW,LOW,LOW,MEDIUM,82.0,"[LOW, MEDIUM]"
Kilinochchi,2019,8,MEDIUM,MEDIUM,LOW,MEDIUM,80.0,"[LOW, MEDIUM]"
Kilinochchi,2019,9,MEDIUM,MEDIUM,LOW,MEDIUM,81.0,"[LOW, MEDIUM]"
Kilinochchi,2019,11,MEDIUM,MEDIUM,LOW,MEDIUM,90.0,"[LOW, MEDIUM]"
Kilinochchi,2019,12,MEDIUM,MEDIUM,LOW,MEDIUM,94.0,"[LOW, MEDIUM]"
Mannar,2019,1,LOW,LOW,LOW,LOW,100.0,"[LOW, LOW]"
Mannar,2022,10,LOW,LOW,LOW,LOW,99.0,"[LOW, LOW]"
Mannar,2024,1,LOW,LOW,LOW,MEDIUM,93.0,"[LOW, MEDIUM]"
Mannar,2024,2,LOW,LOW,LOW,LOW,100.0,"[LOW, LOW]"
Mannar,2024,3,LOW,LOW,LOW,LOW,100.0,"[LOW, LOW]"
Mannar,2024,10,LOW,LOW,LOW,LOW,99.0,"[LOW, LOW]"
Mannar,2024,11,LOW,LOW,LOW,LOW,95.0,"[LOW, LOW]"
Mannar,2024,12,LOW,LOW,LOW,MEDIUM,76.0,"[LOW, MEDIUM]"
Vavuniya,2018,2,LOW,LOW,LOW,HIGH,88.0,"[LOW, HIGH]"
Vavuniya,2018,6,LOW,LOW,LOW,MEDIUM,93.0,"[LOW, MEDIUM]"
Vavuniya,2018,12,LOW,LOW,LOW,HIGH,65.0,"[LOW, HIGH]"
Vavuniya,2019,1,MEDIUM,MEDIUM,LOW,MEDIUM,73.0,"[LOW, MEDIUM]"
Vavuniya,2019,11,MEDIUM,MEDIUM,LOW,HIGH,79.0,"[LOW, HIGH]"
Mullaitivu,2017,4,LOW,LOW,LOW,LOW,96.0,"[LOW, LOW]"
Mullaitivu,2017,9,LOW,LOW,LOW,MEDIUM,78.0,"[LOW, MEDIUM]"
Mullaitivu,2019,7,MEDIUM,MEDIUM,LOW,MEDIUM,71.0,"[LOW, MEDIUM]"
Mullaitivu,2019,10,MEDIUM,MEDIUM,LOW,MEDIUM,68.0,"[LOW, MEDIUM]"
Mullaitivu,2019,12,MEDIUM,MEDIUM,LOW,MEDIUM,78.0,"[LOW, MEDIUM]"
Mullaitivu,2022,8,LOW,LOW,LOW,MEDIUM,82.0,"[LOW, MEDIUM]"
Mullaitivu,2022,12,LOW,LOW,LOW,MEDIUM,80.0,"[LOW, MEDIUM]"
Mullaitivu,2023,3,LOW,LOW,LOW,LOW,100.0,"[LOW, LOW]"
Mullaitivu,2024,1,LOW,LOW,LOW,MEDIUM,87.0,"[LOW, MEDIUM]"
Mullaitivu,2024,2,LOW,LOW,LOW,LOW,100.0,"[LOW, LOW]"
Mullaitivu,2024,3,LOW,LOW,LOW,LOW,100.0,"[LOW, LOW]"
Mullaitivu,2024,10,LOW,LOW,LOW,MEDIUM,58.0,"[LOW, MEDIUM]"
Mullaitivu,2024,11,LOW,LOW,LOW,MEDIUM,61.0,"[LOW, MEDIUM]"
Mullaitivu,2024,12,LOW,LOW,LOW,MEDIUM,90.0,"[LOW, MEDIUM]"
Batticaloa,2017,1,LOW,LOW,LOW,MEDIUM,94.0,"[LOW, MEDIUM]"
Batticaloa,2017,2,LOW,LOW,LOW,MEDIUM,92.0,"[LOW, MEDIUM]"
Batticaloa,2017,10,LOW,LOW,LOW,MEDIUM,71.0,"[LOW, MEDIUM]"
Batticaloa,2018,1,MEDIUM,MEDIUM,LOW,MEDIUM,75.0,"[LOW, MEDIUM]"
Batticaloa,2018,4,MEDIUM,MEDIUM,LOW,MEDIUM,74.0,"[LOW, MEDIUM]"
Batticaloa,2018,12,MEDIUM,MEDIUM,LOW,MEDIUM,72.0,"[LOW, MEDIUM]"
Batticaloa,2019,2,MEDIUM,MEDIUM,LOW,MEDIUM,73.0,"[LOW, MEDIUM]"
Batticaloa,2019,9,MEDIUM,MEDIUM,LOW,MEDIUM,70.0,"[LOW, MEDIUM]"
Batticaloa,2019,10,MEDIUM,MEDIUM,LOW,MEDIUM,75.0,"[LOW, MEDIUM]"
Batticaloa,2019,11,MEDIUM,MEDIUM,LOW,MEDIUM,79.0,"[LOW, MEDIUM]"
Batticaloa,2021,12,HIGH,HIGH,LOW,HIGH,59.0,"[LOW, HIGH]"
Batticaloa,2022,3,LOW,LOW,LOW,MEDIUM,83.0,"[LOW, MEDIUM]"
Batticaloa,2022,4,LOW,LOW,LOW,MEDIUM,75.0,"[LOW, MEDIUM]"
Batticaloa,2023,1,LOW,LOW,LOW,MEDIUM,89.0,"[LOW, MEDIUM]"
Batticaloa,2023,2,LOW,LOW,LOW,MEDIUM,90.0,"[LOW, MEDIUM]"
Batticaloa,2023,10,LOW,LOW,LOW,MEDIUM,81.0,"[LOW, MEDIUM]"
Batticaloa,2024,1,LOW,LOW,LOW,MEDIUM,77.0,"[LOW, MEDIUM]"
Batticaloa,2024,2,LOW,LOW,LOW,MEDIUM,89.0,"[LOW, MEDIUM]"
Batticaloa,2024,3,LOW,LOW,LOW,MEDIUM,87.0,"[LOW, MEDIUM]"
Batticaloa,2024,10,LOW,LOW,LOW,MEDIUM,70.0,"[LOW, MEDIUM]"
Batticaloa,2024,11,LOW,LOW,LOW,MEDIUM,68.0,"[LOW, MEDIUM]"
Batticaloa,2024,12,LOW,LOW,LOW,HIGH,52.0,"[LOW, HIGH]"
Ampara,2017,9,MEDIUM,MEDIUM,LOW,MEDIUM,76.0,"[LOW, MEDIUM]"
Ampara,2017,12,MEDIUM,MEDIUM,MEDIUM,MEDIUM,97.0,"[MEDIUM, MEDIUM]"
Ampara,2018,1,MEDIUM,MEDIUM,LOW,MEDIUM,93.0,"[LOW, MEDIUM]"
Ampara,2018,2,MEDIUM,MEDIUM,MEDIUM,MEDIUM,99.0,"[MEDIUM, MEDIUM]"
Ampara,2018,4,MEDIUM,MEDIUM,MEDIUM,MEDIUM,95.0,"[MEDIUM, MEDIUM]"
Ampara,2018,5,MEDIUM,MEDIUM,MEDIUM,MEDIUM,98.0,"[MEDIUM, MEDIUM]"
Ampara,2018,6,MEDIUM,MEDIUM,LOW,MEDIUM,78.0,"[LOW, MEDIUM]"
Ampara,2019,1,LOW,LOW,LOW,MEDIUM,62.0,"[LOW, MEDIUM]"
Ampara,2019,9,LOW,LOW,LOW,MEDIUM,63.0,"[LOW, MEDIUM]"
Ampara,2020,1,LOW,LOW,LOW,MEDIUM,80.0,"[LOW, MEDIUM]"
Ampara,2020,6,LOW,LOW,LOW,MEDIUM,74.0,"[LOW, MEDIUM]"
Ampara,2021,1,MEDIUM,MEDIUM,MEDIUM,MEDIUM,99.0,"[MEDIUM, MEDIUM]"
Ampara,2021,2,MEDIUM,MEDIUM,LOW,MEDIUM,94.0,"[LOW, MEDIUM]"
Ampara,2021,12,MEDIUM,MEDIUM,MEDIUM,MEDIUM,99.0,"[MEDIUM, MEDIUM]"
Ampara,2022,3,MEDIUM,MEDIUM,LOW,MEDIUM,94.0,"[LOW, MEDIUM]"
Ampara,2022,8,MEDIUM,MEDIUM,LOW,MEDIUM,92.0,"[LOW, MEDIUM]"
Ampara,2022,12,MEDIUM,MEDIUM,MEDIUM,MEDIUM,97.0,"[MEDIUM, MEDIUM]"
Ampara,2023,1,MEDIUM,MEDIUM,LOW,MEDIUM,83.0,"[LOW, MEDIUM]"
Ampara,2023,2,MEDIUM,MEDIUM,LOW,MEDIUM,92.0,"[LOW, MEDIUM]"
Ampara,2023,3,MEDIUM,MEDIUM,MEDIUM,MEDIUM,100.0,"[MEDIUM, MEDIUM]"
Ampara,2024,1,LOW,MEDIUM,LOW,MEDIUM,93.0,"[LOW, MEDIUM]"
Ampara,2024,2,LOW,MEDIUM,LOW,MEDIUM,54.0,"[LOW, MEDIUM]"
Ampara,2024,3,LOW,MEDIUM,LOW,MEDIUM,88.0,"[LOW, MEDIUM]"
Ampara,2024,10,LOW,MEDIUM,LOW,MEDIUM,81.0,"[LOW, MEDIUM]"
Ampara,2024,11,LOW,MEDIUM,MEDIUM,MEDIUM,96.0,"[MEDIUM, MEDIUM]"
Ampara,2024,12,LOW,MEDIUM,LOW,MEDIUM,94.0,"[LOW, MEDIUM]"
Trincomalee,2018,9,LOW,LOW,LOW,LOW,99.0,"[LOW, LOW]"
Trincomalee,2018,12,LOW,LOW,LOW,MEDIUM,84.0,"[LOW, MEDIUM]"
Trincomalee,2019,10,LOW,LOW,LOW,LOW,98.0,"[LOW, LOW]"
Trincomalee,2019,11,LOW,LOW,LOW,MEDIUM,84.0,"[LOW, MEDIUM]"
Trincomalee,2020,3,LOW,LOW,LOW,LOW,99.0,"[LOW, LOW]"
Trincomalee,2021,12,MEDIUM,MEDIUM,LOW,HIGH,66.0,"[LOW, HIGH]"
Trincomalee,2022,1,HIGH,HIGH,LOW,HIGH,62.0,"[LOW, HIGH]"
Trincomalee,2022,3,HIGH,HIGH,LOW,HIGH,70.0,"[LOW, HIGH]"
Trincomalee,2022,12,HIGH,HIGH,LOW,HIGH,60.0,"[LOW, HIGH]"
Trincomalee,2024,1,LOW,LOW,LOW,MEDIUM,90.0,"[LOW, MEDIUM]"
Trincomalee,2024,2,LOW,LOW,LOW,LOW,96.0,"[LOW, LOW]"
Trincomalee,2024,3,LOW,LOW,LOW,MEDIUM,93.0,"[LOW, MEDIUM]"
Trincomalee,2024,10,LOW,LOW,LOW,LOW,96.0,"[LOW, LOW]"
Trincomalee,2024,11,LOW,LOW,LOW,HIGH,90.0,"[LOW, HIGH]"
Trincomalee,2024,12,LOW,LOW,LOW,MEDIUM,48.0,"[LOW, MEDIUM]"
Kurunegala,2017,1,LOW,LOW,LOW,HIGH,79.0,"[LOW, HIGH]"
Kurunegala,2018,1,HIGH,HIGH,LOW,HIGH,87.0,"[LOW, HIGH]"
Kurunegala,2018,4,HIGH,HIGH,LOW,HIGH,85.0,"[LOW, HIGH]"
Kurunegala,2018,6,HIGH,HIGH,LOW,HIGH,76.0,"[LOW, HIGH]"
Kurunegala,2018,7,HIGH,HIGH,LOW,HIGH,74.0,"[LOW, HIGH]"
Kurunegala,2018,8,HIGH,HIGH,LOW,HIGH,68.0,"[LOW, HIGH]"
Kurunegala,2018,11,HIGH,HIGH,HIGH,HIGH,98.0,"[HIGH, HIGH]"
Kurunegala,2019,1,HIGH,HIGH,LOW,HIGH,68.0,"[LOW, HIGH]"
Kurunegala,2019,10,HIGH,HIGH,HIGH,HIGH,95.0,"[HIGH, HIGH]"
Kurunegala,2019,11,HIGH,HIGH,HIGH,HIGH,98.0,"[HIGH, HIGH]"
Kurunegala,2019,12,HIGH,HIGH,MEDIUM,HIGH,83.0,"[MEDIUM, HIGH]"
Kurunegala,2020,1,LOW,LOW,LOW,MEDIUM,78.0,"[LOW, MEDIUM]"
Kurunegala,2020,2,LOW,LOW,LOW,MEDIUM,74.0,"[LOW, MEDIUM]"
Kurunegala,2020,8,LOW,LOW,LOW,HIGH,84.0,"[LOW, HIGH]"
Kurunegala,2021,2,MEDIUM,MEDIUM,LOW,MEDIUM,69.0,"[LOW, MEDIUM]"
Kurunegala,2021,3,MEDIUM,MEDIUM,LOW,HIGH,50.0,"[LOW, HIGH]"
Kurunegala,2021,12,MEDIUM,MEDIUM,LOW,MEDIUM,87.0,"[LOW, MEDIUM]"
Kurunegala,2022,1,LOW,LOW,LOW,MEDIUM,73.0,"[LOW, MEDIUM]"
Kurunegala,2022,2,LOW,LOW,LOW,HIGH,71.0,"[LOW, HIGH]"
Kurunegala,2024,1,LOW,MEDIUM,LOW,MEDIUM,62.0,"[LOW, MEDIUM]"
Kurunegala,2024,2,LOW,LOW,LOW,MEDIUM,62.0,"[LOW, MEDIUM]"
Kurunegala,2024,3,LOW,LOW,LOW,HIGH,54.0,"[LOW, HIGH]"
Kurunegala,2024,10,LOW,LOW,LOW,HIGH,84.0,"[LOW, HIGH]"
Kurunegala,2024,11,LOW,HIGH,LOW,HIGH,73.0,"[LOW, HIGH]"
Kurunegala,2024,12,LOW,MEDIUM,LOW,HIGH,51.0,"[LOW, HIGH]"
Puttalam,2018,5,LOW,LOW,LOW,MEDIUM,83.0,"[LOW, MEDIUM]"
Puttalam,2019,11,MEDIUM,MEDIUM,LOW,MEDIUM,81.0,"[LOW, MEDIUM]"
Puttalam,2019,12,MEDIUM,MEDIUM,LOW,MEDIUM,76.0,"[LOW, MEDIUM]"
Puttalam,2020,11,LOW,LOW,LOW,MEDIUM,84.0,"[LOW, MEDIUM]"
Puttalam,2020,12,LOW,LOW,LOW,MEDIUM,73.0,"[LOW, MEDIUM]"
Puttalam,2021,1,HIGH,HIGH,LOW,HIGH,74.0,"[LOW, HIGH]"
Puttalam,2021,3,HIGH,HIGH,LOW,HIGH,60.0,"[LOW, HIGH]"
Puttalam,2021,11,HIGH,HIGH,LOW,HIGH,61.0,"[LOW, HIGH]"
Puttalam,2021,12,HIGH,HIGH,MEDIUM,HIGH,70.0,"[MEDIUM, HIGH]"
Puttalam,2022,1,MEDIUM,MEDIUM,LOW,HIGH,74.0,"[LOW, HIGH]"
Puttalam,2022,2,MEDIUM,MEDIUM,LOW,HIGH,64.0,"[LOW, HIGH]"
Puttalam,2024,1,LOW,MEDIUM,LOW,HIGH,67.0,"[LOW, HIGH]"
Puttalam,2024,2,LOW,MEDIUM,LOW,HIGH,47.0,"[LOW, HIGH]"
Puttalam,2024,3,LOW,LOW,LOW,HIGH,55.0,"[LOW, HIGH]"
Puttalam,2024,10,LOW,LOW,LOW,MEDIUM,89.0,"[LOW, MEDIUM]"
Puttalam,2024,11,LOW,HIGH,LOW,HIGH,38.0,"[LOW, HIGH]"
Puttalam,2024,12,LOW,MEDIUM,LOW,HIGH,56.0,"[LOW, HIGH]"
Anuradhapura,2017,1,MEDIUM,MEDIUM,LOW,HIGH,66.0,"[LOW, HIGH]"
Anuradhapura,2017,4,MEDIUM,MEDIUM,MEDIUM,HIGH,59.0,"[MEDIUM, HIGH]"
Anuradhapura,2017,5,MEDIUM,MEDIUM,LOW,HIGH,82.0,"[LOW, HIGH]"
Anuradhapura,2018,2,HIGH,HIGH,LOW,HIGH,74.0,"[LOW, HIGH]"
Anuradhapura,2018,3,HIGH,HIGH,MEDIUM,HIGH,85.0,"[MEDIUM, HIGH]"
Anuradhapura,2018,10,HIGH,HIGH,MEDIUM,HIGH,92.0,"[MEDIUM, HIGH]"
Anuradhapura,2018,11,HIGH,HIGH,HIGH,HIGH,98.0,"[HIGH, HIGH]"
Anuradhapura,2018,12,HIGH,HIGH,HIGH,HIGH,96.0,"[HIGH, HIGH]"
Anuradhapura,2019,1,HIGH,HIGH,MEDIUM,HIGH,77.0,"[MEDIUM, HIGH]"
Anuradhapura,2019,4,HIGH,HIGH,MEDIUM,HIGH,91.0,"[MEDIUM, HIGH]"
Anuradhapura,2019,11,HIGH,HIGH,HIGH,HIGH,98.0,"[HIGH, HIGH]"
Anuradhapura,2019,12,HIGH,HIGH,MEDIUM,HIGH,79.0,"[MEDIUM, HIGH]"
Anuradhapura,2020,1,MEDIUM,MEDIUM,MEDIUM,MEDIUM,95.0,"[MEDIUM, MEDIUM]"
Anuradhapura,2020,7,MEDIUM,MEDIUM,MEDIUM,MEDIUM,98.0,"[MEDIUM, MEDIUM]"
Anuradhapura,2020,10,MEDIUM,MEDIUM,LOW,MEDIUM,83.0,"[LOW, MEDIUM]"
Anuradhapura,2020,11,MEDIUM,MEDIUM,MEDIUM,HIGH,76.0,"[MEDIUM, HIGH]"
Anuradhapura,2020,12,MEDIUM,MEDIUM,MEDIUM,HIGH,70.0,"[MEDIUM, HIGH]"
Anuradhapura,2021,1,MEDIUM,MEDIUM,MEDIUM,MEDIUM,97.0,"[MEDIUM, MEDIUM]"
Anuradhapura,2021,2,MEDIUM,MEDIUM,MEDIUM,MEDIUM,98.0,"[MEDIUM, MEDIUM]"
Anuradhapura,2021,3,MEDIUM,MEDIUM,MEDIUM,HIGH,76.0,"[MEDIUM, HIGH]"
Anuradhapura,2021,12,MEDIUM,MEDIUM,MEDIUM,MEDIUM,97.0,"[MEDIUM, MEDIUM]"
Anuradhapura,2022,1,HIGH,HIGH,MEDIUM,HIGH,67.0,"[MEDIUM, HIGH]"
Anuradhapura,2022,4,HIGH,HIGH,MEDIUM,HIGH,76.0,"[MEDIUM, HIGH]"
Anuradhapura,2022,5,HIGH,HIGH,LOW,HIGH,56.0,"[LOW, HIGH]"
Anuradhapura,2023,1,LOW,LOW,LOW,MEDIUM,65.0,"[LOW, MEDIUM]"
Anuradhapura,2023,6,LOW,LOW,LOW,MEDIUM,82.0,"[LOW, MEDIUM]"
Anuradhapura,2024,1,LOW,MEDIUM,LOW,MEDIUM,82.0,"[LOW, MEDIUM]"
Anuradhapura,2024,2,LOW,MEDIUM,LOW,MEDIUM,58.0,"[LOW, MEDIUM]"
Anuradhapura,2024,3,LOW,MEDIUM,LOW,HIGH,77.0,"[LOW, HIGH]"
Anuradhapura,2024,10,LOW,LOW,LOW,MEDIUM,66.0,"[LOW, MEDIUM]"
Anuradhapura,2024,11,LOW,MEDIUM,LOW,HIGH,61.0,"[LOW, HIGH]"
Anuradhapura,2024,12,LOW,MEDIUM,LOW,MEDIUM,90.0,"[LOW, MEDIUM]"
Polonnaruwa,2017,2,LOW,LOW,LOW,MEDIUM,87.0,"[LOW, MEDIUM]"
Polonnaruwa,2018,1,HIGH,HIGH,LOW,HIGH,63.0,"[LOW, HIGH]"
Polonnaruwa,2018,3,HIGH,HIGH,LOW,HIGH,87.0,"[LOW, HIGH]"
Polonnaruwa,2018,4,HIGH,HIGH,LOW,HIGH,84.0,"[LOW, HIGH]"
Polonnaruwa,2018,10,HIGH,HIGH,LOW,HIGH,83.0,"[LOW, HIGH]"
Polonnaruwa,2018,12,HIGH,HIGH,LOW,HIGH,61.0,"[LOW, HIGH]"
Polonnaruwa,2019,5,LOW,LOW,LOW,MEDIUM,91.0,"[LOW, MEDIUM]"
Polonnaruwa,2019,12,LOW,LOW,LOW,HIGH,74.0,"[LOW, HIGH]"
Polonnaruwa,2020,1,MEDIUM,MEDIUM,LOW,MEDIUM,74.0,"[LOW, MEDIUM]"
Polonnaruwa,2020,2,MEDIUM,MEDIUM,LOW,MEDIUM,77.0,"[LOW, MEDIUM]"
Polonnaruwa,2021,5,LOW,LOW,LOW,LOW,97.0,"[LOW, LOW]"
Polonnaruwa,2022,1,LOW,LOW,LOW,HIGH,62.0,"[LOW, HIGH]"
Polonnaruwa,2023,6,LOW,LOW,LOW,LOW,98.0,"[LOW, LOW]"
Polonnaruwa,2024,1,LOW,LOW,LOW,MEDIUM,59.0,"[LOW, MEDIUM]"
Polonnaruwa,2024,2,LOW,LOW,LOW,HIGH,53.0,"[LOW, HIGH]"
Polonnaruwa,2024,3,LOW,LOW,LOW,HIGH,43.0,"[LOW, HIGH]"
Polonnaruwa,2024,10,LOW,LOW,LOW,HIGH,88.0,"[LOW, HIGH]"
Polonnaruwa,2024,11,LOW,LOW,LOW,MEDIUM,91.0,"[LOW, MEDIUM]"
Polonnaruwa,2024,12,LOW,LOW,LOW,HIGH,41.0,"[LOW, HIGH]"
Badulla,2017,9,LOW,LOW,LOW,MEDIUM,56.0,"[LOW, MEDIUM]"
Badulla,2017,11,LOW,LOW,LOW,MEDIUM,62.0,"[LOW, MEDIUM]"
Badulla,2017,12,LOW,LOW,LOW,MEDIUM,65.0,"[LOW, MEDIUM]"
Badulla,2018,1,MEDIUM,MEDIUM,LOW,MEDIUM,94.0,"[LOW, MEDIUM]"
Badulla,2018,2,MEDIUM,MEDIUM,MEDIUM,MEDIUM,100.0,"[MEDIUM, MEDIUM]"
Badulla,2019,12,LOW,LOW,LOW,MEDIUM,64.0,"[LOW, MEDIUM]"
Badulla,2020,1,LOW,LOW,LOW,MEDIUM,60.0,"[LOW, MEDIUM]"
Badulla,2021,1,MEDIUM,MEDIUM,LOW,MEDIUM,93.0,"[LOW, MEDIUM]"
Badulla,2021,2,MEDIUM,MEDIUM,MEDIUM,MEDIUM,98.0,"[MEDIUM, MEDIUM]"
Badulla,2021,3,MEDIUM,MEDIUM,MEDIUM,MEDIUM,98.0,"[MEDIUM, MEDIUM]"
Badulla,2022,2,MEDIUM,MEDIUM,MEDIUM,MEDIUM,100.0,"[MEDIUM, MEDIUM]"
Badulla,2022,5,MEDIUM,MEDIUM,LOW,MEDIUM,89.0,"[LOW, MEDIUM]"
Badulla,2022,6,MEDIUM,MEDIUM,MEDIUM,MEDIUM,97.0,"[MEDIUM, MEDIUM]"
Badulla,2022,12,MEDIUM,MEDIUM,LOW,MEDIUM,90.0,"[LOW, MEDIUM]"
Badulla,2024,1,LOW,MEDIUM,LOW,MEDIUM,77.0,"[LOW, MEDIUM]"
Badulla,2024,2,LOW,MEDIUM,LOW,MEDIUM,84.0,"[LOW, MEDIUM]"
Badulla,2024,3,LOW,MEDIUM,MEDIUM,MEDIUM,100.0,"[MEDIUM, MEDIUM]"
Badulla,2024,10,LOW,MEDIUM,LOW,MEDIUM,87.0,"[LOW, MEDIUM]"
Badulla,2024,11,LOW,MEDIUM,LOW,MEDIUM,54.0,"[LOW, MEDIUM]"
Badulla,2024,12,LOW,MEDIUM,LOW,MEDIUM,58.0,"[LOW, MEDIUM]"
Monaragala,2017,1,LOW,LOW,LOW,MEDIUM,69.0,"[LOW, MEDIUM]"
Monaragala,2018,2,HIGH,HIGH,MEDIUM,HIGH,66.0,"[MEDIUM, HIGH]"
Monaragala,2018,4,HIGH,HIGH,MEDIUM,HIGH,83.0,"[MEDIUM, HIGH]"
Monaragala,2018,5,HIGH,HIGH,LOW,HIGH,71.0,"[LOW, HIGH]"
Monaragala,2019,12,LOW,LOW,LOW,MEDIUM,79.0,"[LOW, MEDIUM]"
Monaragala,2020,1,MEDIUM,MEDIUM,LOW,MEDIUM,74.0,"[LOW, MEDIUM]"
Monaragala,2020,2,MEDIUM,MEDIUM,LOW,MEDIUM,90.0,"[LOW, MEDIUM]"
Monaragala,2020,10,MEDIUM,MEDIUM,LOW,MEDIUM,90.0,"[LOW, MEDIUM]"
Monaragala,2020,11,MEDIUM,MEDIUM,MEDIUM,HIGH,76.0,"[MEDIUM, HIGH]"
Monaragala,2022,12,LOW,LOW,LOW,MEDIUM,58.0,"[LOW, MEDIUM]"
Monaragala,2023,1,MEDIUM,MEDIUM,LOW,MEDIUM,72.0,"[LOW, MEDIUM]"
Monaragala,2024,1,LOW,MEDIUM,LOW,MEDIUM,68.0,"[LOW, MEDIUM]"
Monaragala,2024,2,LOW,MEDIUM,LOW,MEDIUM,90.0,"[LOW, MEDIUM]"
Monaragala,2024,3,LOW,MEDIUM,MEDIUM,MEDIUM,95.0,"[MEDIUM, MEDIUM]"
Monaragala,2024,10,LOW,MEDIUM,LOW,HIGH,74.0,"[LOW, HIGH]"
Monaragala,2024,11,LOW,MEDIUM,LOW,HIGH,46.0,"[LOW, HIGH]"
Monaragala,2024,12,LOW,MEDIUM,LOW,MEDIUM,52.0,"[LOW, MEDIUM]"
Kegalle,2017,1,LOW,LOW,LOW,LOW,99.0,"[LOW, LOW]"
Kegalle,2018,9,LOW,LOW,LOW,LOW,96.0,"[LOW, LOW]"
Kegalle,2019,1,LOW,LOW,LOW,MEDIUM,89.0,"[LOW, MEDIUM]"
Kegalle,2020,10,LOW,LOW,LOW,LOW,99.0,"[LOW, LOW]"
Kegalle,2022,2,LOW,LOW,LOW,MEDIUM,69.0,"[LOW, MEDIUM]"
Kegalle,2022,5,LOW,LOW,LOW,LOW,98.0,"[LOW, LOW]"
