District,Year,Cases,Deaths,Outbreak_Months,severity_score,severity_class
Kurunegala,2017,5,0,1,0.41666666666666663,LOW
Batticaloa,2017,14,0,3,3.5,LOW
Ampara,2017,191,2,2,51.83333333333333,MEDIUM
Polonnaruwa,2017,52,0,1,4.333333333333333,LOW
Anuradhapura,2017,335,0,3,83.75,MEDIUM
Badulla,2017,35,4,3,48.75,LOW
Monaragala,2017,15,0,1,1.25,LOW
Gampaha,2017,3,1,1,10.25,LOW
Kandy,2017,1,0,1,0.08333333333333333,LOW
Hambantota,2017,19,2,3,24.75,LOW
Jaffna,2017,18,0,1,1.5,LOW
Mullaitivu,2017,145,0,2,24.166666666666664,LOW
Kegalle,2017,5,0,1,0.41666666666666663,LOW
Colombo,2017,10,0,1,0.8333333333333333,LOW
Kurunegala,2018,383,11,6,301.5,HIGH
Puttalam,2018,16,1,1,11.333333333333334,LOW
Batticaloa,2018,171,2,3,62.75,MEDIUM
Ampara,2018,187,2,5,97.91666666666667,MEDIUM
Trincomalee,2018,113,0,2,18.833333333333332,LOW
Anuradhapura,2018,1879,69,5,1472.9166666666667,HIGH
Polonnaruwa,2018,612,54,5,795.0,HIGH
Badulla,2018,476,5,2,129.33333333333331,MEDIUM
Monaragala,2018,452,35,3,463.0,HIGH
Kandy,2018,96,2,5,60.0,MEDIUM
Matale,2018,392,17,3,268.0,MEDIUM
Nuwara Eliya,2018,22,4,1,41.833333333333336,LOW
Hambantota,2018,138,3,1,41.5,LOW
Jaffna,2018,117,0,2,19.5,LOW
Vavuniya,2018,182,0,3,45.5,LOW
Kegalle,2018,4,0,1,0.3333333333333333,LOW
Kurunegala,2019,8182,27,4,2997.333333333333,HIGH
Puttalam,2019,1079,0,2,179.83333333333331,MEDIUM
Batticaloa,2019,201,0,4,67.0,MEDIUM
Ampara,2019,61,0,2,10.166666666666666,LOW
Trincomalee,2019,82,0,2,13.666666666666666,LOW
Anuradhapura,2019,513,13,4,301.0,HIGH
Polonnaruwa,2019,63,0,2,10.5,LOW
Badulla,2019,3,0,1,0.25,LOW
Monaragala,2019,13,0,1,1.0833333333333333,LOW
Kandy,2019,31,1,2,15.166666666666666,LOW
Matale,2019,25,17,1,172.08333333333334,MEDIUM
Mullaitivu,2019,199,4,3,89.75,MEDIUM
Mannar,2019,87,3,1,37.25,LOW
Jaffna,2019,74,0,4,24.666666666666664,LOW
Kilinochchi,2019,226,8,4,155.33333333333331,MEDIUM
Vavuniya,2019,350,0,2,58.33333333333333,MEDIUM
Kegalle,2019,5,0,1,0.41666666666666663,LOW
Gampaha,2019,132,10,4,144.0,MEDIUM
Anuradhapura,2020,349,0,5,145.41666666666669,MEDIUM
Polonnaruwa,2020,57,5,2,59.5,MEDIUM
Kurunegala,2020,19,0,3,4.75,LOW
Puttalam,2020,103,1,2,27.166666666666664,LOW
Gampaha,2020,6,0,1,0.5,LOW
Kalutara,2020,12,0,2,2.0,LOW
Kandy,2020,34,1,2,15.666666666666666,LOW
Matale,2020,113,0,1,9.416666666666666,LOW
Nuwara Eliya,2020,127,3,4,72.33333333333333,MEDIUM
Ampara,2020,108,2,2,38.0,LOW
Trincomalee,2020,80,0,1,6.666666666666666,LOW
Kegalle,2020,37,0,1,3.083333333333333,LOW
Badulla,2020,81,3,1,36.75,LOW
Monaragala,2020,207,3,4,99.0,MEDIUM
Hambantota,2020,245,0,1,20.416666666666664,LOW
Anuradhapura,2021,374,12,4,244.66666666666666,MEDIUM
Polonnaruwa,2021,4,0,1,0.3333333333333333,LOW
Kurunegala,2021,308,20,3,277.0,MEDIUM
Puttalam,2021,632,15,4,360.66666666666663,HIGH
Gampaha,2021,50,3,3,42.5,LOW
Kalutara,2021,9,0,1,0.75,LOW
Colombo,2021,636,150,1,1553.0,HIGH
Kandy,2021,171,1,4,67.0,MEDIUM
Nuwara Eliya,2021,23,1,2,13.833333333333332,LOW
Ampara,2021,643,4,3,200.75,MEDIUM
Trincomalee,2021,197,4,1,56.416666666666664,MEDIUM
Batticaloa,2021,638,150,1,1553.1666666666667,HIGH
Badulla,2021,140,4,3,75.0,MEDIUM
Anuradhapura,2022,896,26,3,484.0,HIGH
Polonnaruwa,2022,176,2,1,34.666666666666664,LOW
Kurunegala,2022,19,0,2,3.1666666666666665,LOW
Puttalam,2022,401,14,2,206.83333333333331,MEDIUM
Gampaha,2022,91,0,2,15.166666666666666,LOW
Kalutara,2022,14,2,1,21.166666666666668,LOW
Colombo,2022,143,51,1,521.9166666666666,HIGH
Mullaitivu,2022,85,2,2,34.166666666666664,LOW
Mannar,2022,2,0,1,0.16666666666666666,LOW
Kandy,2022,80,10,3,120.0,MEDIUM
Matale,2022,32,13,1,132.66666666666666,MEDIUM
Ampara,2022,187,1,3,56.75,MEDIUM
Trincomalee,2022,716,23,3,409.0,HIGH
Batticaloa,2022,72,0,2,12.0,LOW
Kegalle,2022,13,0,2,2.1666666666666665,LOW
Badulla,2022,154,18,4,231.33333333333331,MEDIUM
Monaragala,2022,50,2,1,24.166666666666664,LOW
Hambantota,2022,35,0,1,2.9166666666666665,LOW
Galle,2022,3,0,1,0.25,LOW
Anuradhapura,2023,91,0,2,15.166666666666666,LOW
Mullaitivu,2023,11,0,1,0.9166666666666666,LOW
Kandy,2023,2,0,1,0.16666666666666666,LOW
Ampara,2023,235,0,3,58.75,MEDIUM
Batticaloa,2023,177,0,3,44.25,LOW
Monaragala,2023,212,8,1,97.66666666666666,MEDIUM
Polonnaruwa,2023,47,0,1,3.9166666666666665,LOW
Trincomalee,2024,3,0,2,0.5,LOW
Kurunegala,2024,4,0,2,0.6666666666666666,LOW
Monaragala,2024,5,0,2,0.8333333333333333,LOW
Kandy,2024,7,0,2,1.1666666666666665,LOW
Mullaitivu,2024,12,0,2,2.0,LOW
Puttalam,2024,20,0,2,3.333333333333333,LOW
Badulla,2024,23,0,2,3.833333333333333,LOW
Anuradhapura,2024,35,0,2,5.833333333333333,LOW
Kalutara,2024,41,0,2,6.833333333333333,LOW
Mannar,2024,45,0,2,7.5,LOW
Ampara,2024,49,0,2,8.166666666666666,LOW
Batticaloa,2024,58,0,2,9.666666666666666,LOW
Polonnaruwa,2024,60,0,2,10.0,LOW
